microsensors,1991.0
self-adjusting systems,1180.0
remote monitoring,999.5
electric sensing devices,599.0
acoustic sensors,378.0
image sensors,378.0
lifetime estimation,378.0
distributed processing,353.8333333333333
belief maintenance,282.0
economic forecasting,270.0
sensors,270.0
financial advantage program,265.0
nash equilibrium,259.0
decision trees,216.0
computer aided software engineering,203.57142857142858
energy efficiency,202.45454545454547
stress measurement,202.0
appropriate technology,197.0
intrusion detection,196.0
filling,195.66666666666666
capacitive sensors,193.0
life estimation,192.0
splines (mathematics),187.0
cardiology,187.0
atomic measurements,187.0
gallium nitride,179.0
internetworking,176.88888888888889
operating systems,172.75
usa councils,168.25
symmetric matrices,163.0
duality (mathematics),162.0
alarm systems,158.0
certification,144.0
spline,142.5
pulse measurements,141.75
message passing,133.0
design of experiments,133.0
utility programs,131.0
system recovery,131.0
workstation clusters,125.0
microstrip,122.0
genetic engineering,122.0
dc motors,121.75
influenza,119.0
acoustic scattering,116.0
pain,113.0
geometric programming,112.5
optical add-drop multiplexers,112.0
normal distribution,111.5
line-of-sight propagation,111.0
microscopy,110.5
computer crime,109.5
discrete event simulation,108.22222222222223
energy resolution,107.42857142857143
mission critical systems,107.0
hankel matrices,106.0
interference channels,105.5
distance measurement,103.75
source coding,103.125
interactive systems,100.5
technology transfer,100.0
sensor phenomena and characterization,97.75
convex programming,97.5
context awareness,96.33333333333333
disaster management,94.0
linear code,91.0
optical losses,89.66666666666667
interference elimination,89.5
mesh networks,89.45454545454545
face recognition,89.0
mechanical power transmission,88.66666666666667
mirrors,88.5
area measurement,87.875
large-scale systems,87.62962962962963
computer network reliability,87.13333333333334
delay lines,87.10526315789474
peer to peer computing,84.4
subspace constraints,84.0
injuries,83.5
h infinity control,83.0
mesh generation,82.33333333333333
aluminum gallium nitride,82.0
vehicle crash testing,81.5
human factors,80.5
assembly,80.125
space vector pulse width modulation,80.0
ultra wideband communication,78.0
bandlimited signals,77.75
laser sintering,77.33333333333333
belief propagation,77.25
sum product algorithm,77.25
content management,76.57142857142857
gamma distribution,75.625
size control,75.1
pixel,75.0
boats,75.0
fuels,73.75
switched networks,73.0
unicast,72.70370370370371
ultra wideband technology,71.375
simulation,71.0
spaceborne radar,69.0
counting circuits,68.0
travelling salesman problems,68.0
sparse matrices,67.66666666666667
sprites (computer),66.66666666666667
scattering,66.5
signal processing algorithms,66.5
game theory,66.45454545454545
internal combustion engines,65.4
binary codes,65.3125
organisms,64.0
microcomputer applications,63.0
authoring systems,62.0
binary sequences,61.53846153846154
space stations,61.125
statistical distributions,61.11538461538461
biological cells,61.0
log normal distribution,61.0
engineering profession,60.666666666666664
history,60.142857142857146
carrier sense multiple access,59.93333333333333
buffer overflow,59.75
visualization,59.5
optical burst switching,59.45454545454545
lifting equipment,59.166666666666664
echo interference,59.0
parametric statistics,58.75
associate members,58.54545454545455
discrete time filters,58.5
collision avoidance,58.285714285714285
licenses,57.5
multicast protocols,57.34375
radio networks,57.286821705426355
histograms,56.8
gaussian channels,56.76190476190476
intelligent vehicles,56.666666666666664
central office,56.25
gears,56.0
boosting,56.0
cells (electric),55.833333333333336
concrete,55.8
system analysis and design,55.666666666666664
computer applications,55.333333333333336
data storage systems,55.0
electromagnetic interference,54.333333333333336
signal resolution,54.31707317073171
probes,54.27272727272727
ieee standards,54.1219512195122
goniometers,54.0
measurement systems,54.0
wireless application protocol,53.56896551724138
extraterrestrial measurements,53.0
imaging phantoms,53.0
pulse position modulation,53.0
radio propagation,52.69230769230769
random sequences,52.5
helium,52.25
remotely operated vehicles,52.0
floors,51.888888888888886
ad hoc networks,51.778625954198475
spectral analysis,51.758620689655174
wireless sensor networks,51.22857142857143
picocellular radio,50.21052631578947
vegetation mapping,50.0
signal restoration,49.25
road traffic,49.0
geometrical optics,49.0
power system relaying,48.6
multicast communication,48.593023255813954
electric motors,48.5
optical packet switching,47.166666666666664
multiplexing,46.9
scalability,46.676923076923075
mobile ad hoc networks,46.638297872340424
radiowave propagation,46.56701030927835
digital communication,46.375
computer network management,46.10204081632653
burst switching,46.0
tree graphs,45.666666666666664
circuit topology,45.5
libraries,45.0
telecommunication network routing,44.950450450450454
measurement standards,44.6
robustness,44.24742268041237
indoor radio,44.10666666666667
fourier transforms,43.666666666666664
optimization methods,43.61538461538461
timing jitter,43.6
niobium,43.333333333333336
phase distortion,43.0
time difference of arrival,42.8
signal mapping,42.6
radio equipment,42.333333333333336
telegraphy,42.333333333333336
semiconductor device measurement,42.25
data security,42.23076923076923
mimo,42.21739130434783
decentralised control,42.0
engines,41.875
proposals,41.8125
access protocols,41.705
size measurement,41.5
add-drop multiplexers,41.2
standards development,41.125
correlators,41.09090909090909
pulse generation,41.0
impulse testing,41.0
higher order statistics,40.888888888888886
adaptive systems,40.57142857142857
mimo systems,40.56488549618321
centralized control,40.1764705882353
ultra wideband antennas,40.0
performance evaluation,39.77064220183486
board of directors,39.666666666666664
acoustic propagation,39.666666666666664
random processes,39.22222222222222
lattices,39.142857142857146
conical antennas,39.0
radar signal processing,38.5
software architecture,38.333333333333336
clustering algorithms,38.23529411764706
frequency division multiple access,38.06666666666667
femtocell networks,38.0
greedy algorithms,38.0
tomography,38.0
research and development,37.857142857142854
integer linear programming,37.833333333333336
batteries,37.578947368421055
network topology,37.45454545454545
tree searching,37.166666666666664
military standards,37.0
communication industry,37.0
computerised monitoring,37.0
industrial training,37.0
weibull distribution,37.0
virtual environment,37.0
white noise,36.888888888888886
energy measurement,36.75
cryptography,36.7037037037037
road vehicles,36.411764705882355
wavelength division multiplexing,36.30409356725146
azimuth,36.23076923076923
parity check codes,36.04347826086956
echo,36.0
qualifications,36.0
transport protocols,35.90430622009569
distortion,35.75
hdtv,35.75
doppler effect,35.72
wdm networks,35.56896551724138
antenna measurements,35.5
narrowband,35.45454545454545
media access protocol,35.445945945945944
sensor arrays,35.375
physical layer,35.36585365853659
road safety,35.333333333333336
optical buffering,35.166666666666664
circuit faults,35.0
distributed computing,34.8125
access control,34.714285714285715
telecommunication network reliability,34.654545454545456
roaming,34.44444444444444
discrete wavelet transforms,34.42857142857143
electromagnetic wave scattering,34.39393939393939
fingers,34.333333333333336
dsl,33.82051282051282
maintenance,33.75
intelligent networks,33.687747035573125
digital subscriber lines,33.625
optical fibre networks,33.389380530973455
open systems,33.36363636363637
electric machines,33.0
time-domain synthesis,33.0
transfer function matrices,33.0
integration,33.0
optical network units,32.857142857142854
integer programming,32.76923076923077
stochastic processes,32.72727272727273
radio direction-finding,32.714285714285715
wavelength assignment,32.666666666666664
pulse modulation,32.6578947368421
synchronous digital hierarchy,32.625
matrix algebra,32.527272727272724
optical fiber networks,32.44897959183673
telecommunication standards,32.44186046511628
random variables,32.43589743589744
propulsion,32.36363636363637
clocks,32.333333333333336
crosstalk,32.26829268292683
entropy,32.22222222222222
optical transmitters,32.1764705882353
optical switches,32.15
exponential distribution,32.0
optical transfer function,32.0
wireless personal area networks,32.0
windows,32.0
force feedback,32.0
saturn,32.0
hybrid power systems,32.0
iterative methods,31.671232876712327
sufficient conditions,31.5
delay,31.45402298850575
electrical capacitance tomography,31.333333333333332
asia,31.333333333333332
electromagnetic modeling,31.333333333333332
message authentication,31.0625
ternary codes,31.0
lan emulation,31.0
distribution functions,31.0
large hadron collider,30.75
mutual information,30.636363636363637
master-slave,30.6
routing protocols,30.59633027522936
electromagnetic wave diffraction,30.53846153846154
scattering parameters,30.428571428571427
transfer functions,30.29032258064516
information technology,30.192307692307693
relays,30.12
encapsulation,30.0
radar tracking,30.0
waves,30.0
investments,30.0
assembly systems,30.0
maximum likelihood detection,29.82089552238806
nonhomogeneous media,29.666666666666668
electronic mail,29.660377358490567
payloads,29.416666666666668
optical wavelength conversion,29.27659574468085
load management,29.238095238095237
computer science,29.076271186440678
rayleigh scattering,29.071428571428573
tcpip,29.0625
angular velocity measurement,29.0
fiber lasers,29.0
microwave photonics,29.0
optical beams,29.0
loop antennas,29.0
web and internet services,28.9125
energy consumption,28.805555555555557
error correction,28.71232876712329
spatial resolution,28.692307692307693
adaptive kalman filters,28.5
dead reckoning,28.5
vectors,28.454545454545453
autocorrelation,28.34285714285714
accuracy,28.333333333333332
gaussian distribution,28.3125
radio link,28.291666666666668
road accidents,28.25
optical receivers,28.227272727272727
linux,28.166666666666668
optical noise,28.125
rake receivers,28.115384615384617
constellation diagram,28.08
motion compensation,28.0
fresnel reflection,28.0
learning automata,28.0
correlation methods,27.897435897435898
fcc,27.833333333333332
antenna feeds,27.8125
airports,27.75
error correction codes,27.608695652173914
spatial filters,27.6
testing,27.557142857142857
broadcast channels,27.4
partitioning algorithms,27.333333333333332
digital modulation,27.25
power distribution,27.25
internet,27.237745098039216
wavelength routing,27.22222222222222
sonet,27.185185185185187
prediction theory,27.181818181818183
gaussian noise,27.13888888888889
engineering management,27.076923076923077
multicast algorithms,27.057142857142857
active antennas,27.0
meteorological radar,27.0
radar imaging,27.0
industrial control,27.0
optical scattering,27.0
transmission line theory,27.0
reflectivity,27.0
resonant frequency,27.0
routing,26.973684210526315
statistical analysis,26.968503937007874
optical fibers,26.923076923076923
power consumption,26.916666666666668
transmitting antennas,26.86217008797654
military communication,26.857142857142858
optimal control,26.8
wavelength measurement,26.666666666666668
pattern clustering,26.6
mobile robots,26.5
phase noise,26.45
linear matrix inequalities,26.333333333333332
quadrature amplitude modulation,26.301204819277107
broadband networks,26.230337078651687
time measurement,26.205128205128204
gray codes,26.0
cable shielding,26.0
polyethylene,26.0
autoregressive processes,26.0
pulse width modulation,26.0
cable testing,26.0
capacitance,26.0
cable insulation,26.0
laboratories,26.0
distributed algorithms,25.956521739130434
random noise,25.9
propagation delay,25.821428571428573
radio transmitters,25.817073170731707
optical control,25.785714285714285
wireless communication,25.769874476987447
digital simulation,25.69333333333333
attenuation,25.6875
mutual coupling,25.666666666666668
modulation,25.612244897959183
maximum likelihood estimation,25.60655737704918
performance loss,25.5
monte carlo methods,25.4
telecommunication switching,25.23076923076923
receiving antennas,25.18970189701897
mathematical model,25.136363636363637
distributed control,25.08695652173913
channel capacity,25.029520295202953
optical repeaters,25.0
optical device fabrication,25.0
edge detection,25.0
image edge detection,25.0
ultrasonic imaging,25.0
ultrasonic variables measurement,25.0
vehicle detection,25.0
telecommunication congestion control,24.882716049382715
optical delay lines,24.75
microcellular radio,24.74468085106383
linear programming,24.653846153846153
transmitters,24.63372093023256
automatic testing,24.5
mobile agents,24.4
radio links,24.38421052631579
capacity planning,24.346153846153847
pulse amplitude modulation,24.333333333333332
interference constraints,24.24137931034483
client-server systems,24.166666666666668
additive white noise,24.15277777777778
hypermedia markup languages,24.0
computer languages,24.0
antenna accessories,24.0
markup languages,24.0
b-isdn,24.0
senior members,24.0
environmental economics,24.0
rotors,24.0
senior citizens,24.0
antennas and propagation,23.964285714285715
time domain analysis,23.944444444444443
antenna arrays,23.82882882882883
predictive models,23.8
broadband antennas,23.75
multipath channels,23.733333333333334
moment methods,23.666666666666668
added delay,23.666666666666668
information systems,23.61111111111111
protection,23.541666666666668
measurement,23.529411764705884
uhf measurement,23.5
huffman codes,23.5
acoustic noise,23.5
noise,23.488372093023255
event detection,23.4
radio spectrum management,23.384615384615383
shadow mapping,23.333333333333332
geometry,23.285714285714285
wiring,23.25
modulation coding,23.24581005586592
land mobile radio,23.229166666666668
costs,23.15568862275449
contracts,23.125
telecommunication security,23.125
kelvin,23.0
image quality,23.0
discrete transforms,23.0
light absorption,23.0
signal sampling,22.97222222222222
telecommunication equipment testing,22.833333333333332
coaxial cables,22.8
stability,22.73913043478261
explosives,22.714285714285715
noise level,22.7
telecommunication channels,22.686567164179106
decorrelation,22.64864864864865
call admission control,22.58823529411765
reliability theory,22.5
evolutionary computation,22.5
personal area networks,22.470588235294116
estimation error,22.391304347826086
equations,22.317073170731707
radiocommunication,22.307692307692307
communications technology,22.23076923076923
security,22.2
memoryless systems,22.2
ip networks,22.143939393939394
statistics,22.142857142857142
atmospheric turbulence,22.0
np-complete problem,22.0
gaussian approximation,22.0
all-optical networks,22.0
atmosphere,22.0
optical variables control,22.0
space division multiplexing,22.0
optical refraction,22.0
linear predictive coding,22.0
avalanche photodiodes,22.0
linear quadratic control,22.0
technology management,21.846153846153847
channel coding,21.773809523809526
optical fiber cables,21.714285714285715
robust stability,21.666666666666668
two dimensional displays,21.666666666666668
mobile handsets,21.652173913043477
telephony,21.636363636363637
delays,21.604444444444443
throughput,21.58498023715415
combined source-channel coding,21.583333333333332
rayleigh channels,21.511936339522546
approximation error,21.5
anechoic chambers,21.5
multi-access systems,21.5
anechoic chambers (electromagnetic),21.5
variable length codes,21.428571428571427
frequency,21.394618834080717
jamming,21.391304347826086
channel state information,21.365853658536587
wireless lan,21.257142857142856
prototypes,21.125
electric drives,21.0
high level synthesis,21.0
uhf power amplifiers,21.0
sensor systems,20.857142857142858
availability,20.8
wavelength conversion,20.8
diversity reception,20.707196029776675
closed-form solution,20.68421052631579
graph theory,20.642857142857142
space division multiple access,20.61904761904762
interpolation,20.59259259259259
electromagnetic wave absorption,20.5625
degradation,20.546511627906977
aircraft communication,20.5
indexing,20.5
resonance light scattering,20.46153846153846
signal processing,20.401960784313726
mobile computing,20.385416666666668
sun,20.384615384615383
automobiles,20.375
genetic mutations,20.333333333333332
minimisation,20.26086956521739
optimisation,20.210526315789473
time series,20.2
awgn,20.151315789473685
switches,20.106194690265486
circuit stability,20.0
ink,20.0
fluid flow,20.0
geoscience,20.0
building materials,20.0
automotive electronics,20.0
haptic interfaces,20.0
radio receivers,19.94672131147541
rician channels,19.83582089552239
iterative algorithms,19.835443037974684
genetic algorithms,19.8125
tail,19.8
mobile antennas,19.753246753246753
linear codes,19.7
parameter estimation,19.5531914893617
reluctance generators,19.5
computer games,19.5
boundary conditions,19.5
condition monitoring,19.5
telecommunications,19.38095238095238
optical fiber lan,19.333333333333332
loaded antennas,19.25
bandwidth,19.212527964205815
microstrip antenna arrays,19.2
encoding,19.19047619047619
radio frequency,19.13157894736842
directive antennas,19.12121212121212
direction-of-arrival estimation,19.095238095238095
base stations,19.085470085470085
singular value decomposition,19.071428571428573
shafts,19.0
noise reduction,19.0
optical fiber polarization,19.0
adaptive coding,19.0
expectation-maximization algorithms,19.0
piecewise linear approximation,19.0
coils,19.0
twisted pair cables,19.0
ambient intelligence,19.0
clouds,19.0
power transmission,19.0
diffraction,19.0
traffic information systems,19.0
matrices,19.0
character generation,18.916666666666668
feedback,18.901785714285715
probability,18.889908256880734
dispersive channels,18.88888888888889
network servers,18.846153846153847
australia,18.814814814814813
maximum likelihood decoding,18.814814814814813
ofdm modulation,18.81338028169014
simulated annealing,18.76923076923077
cryptographic protocols,18.75
information retrieval,18.714285714285715
code standards,18.689655172413794
indoor environments,18.666666666666668
spine,18.61111111111111
dispersion (wave),18.5
virtual reality,18.5
electromagnetic wave polarisation,18.5
aperture antennas,18.5
ice,18.5
information theory,18.428571428571427
tv broadcasting,18.4
viterbi decoding,18.36
writing,18.333333333333332
time-domain analysis,18.333333333333332
linear antenna arrays,18.323529411764707
multidimensional systems,18.285714285714285
microwave propagation,18.285714285714285
convergence of numerical methods,18.264705882352942
signal to noise ratio,18.22972972972973
quadrature phase shift keying,18.10144927536232
block codes,18.09039548022599
reed-solomon codes,18.04
computational modeling,18.03
collaboration,18.0
pareto distribution,18.0
teeth,18.0
image recognition,18.0
high-speed electronics,18.0
games,18.0
target recognition,18.0
prediction methods,18.0
electromagnetic spectrum,18.0
speech recognition,18.0
positron emission tomography,18.0
deterministic algorithms,18.0
computational electromagnetics,18.0
object recognition,18.0
central processing unit,18.0
level control,18.0
design optimization,17.90909090909091
information management,17.90909090909091
transceivers,17.893939393939394
approximation theory,17.847826086956523
constraint optimization,17.833333333333332
multiprotocol label switching,17.770833333333332
measurement errors,17.75
dispersion,17.74074074074074
application software,17.696428571428573
decoding,17.669642857142858
quantum computing,17.666666666666668
convolution,17.653846153846153
state feedback,17.625
antennas,17.6
europe,17.583333333333332
communication networks,17.580645161290324
differential detection,17.571428571428573
performance analysis,17.52364864864865
telecommunication traffic,17.51889168765743
scintillation,17.5
minimization,17.5
lighting,17.5
microstrip antennas,17.5
modems,17.375
power control,17.36964980544747
noise cancellation,17.333333333333332
radio tracking,17.333333333333332
differential phase shift keying,17.333333333333332
mobile radio,17.2475884244373
personal digital assistants,17.133333333333333
analytical models,17.13013698630137
image coding,17.11111111111111
convergence,17.11111111111111
transient analysis,17.0
online operation,17.0
planets,17.0
wounds,17.0
transmission line measurements,17.0
mathematical programming,17.0
television standards,17.0
intelligent control,17.0
digital television,17.0
aggregates,16.96969696969697
ofdm,16.95744680851064
euclidean distance,16.90909090909091
noise generators,16.875
eigenvalues and eigenfunctions,16.841269841269842
quality management,16.818181818181817
packet radio networks,16.81063122923588
uhf radio propagation,16.789473684210527
polarization,16.772727272727273
frequency measurement,16.75
solid modeling,16.666666666666668
radiofrequency interference,16.666666666666668
directional antennas,16.625
algorithm design and analysis,16.613861386138613
indoor radio communication,16.6
global positioning system,16.59259259259259
circuits,16.576923076923077
electromagnetic coupling,16.571428571428573
data communication,16.523985239852397
interference,16.51171875
estimation theory,16.5
phase measurement,16.5
lyapunov methods,16.5
stochastic programming,16.5
channel estimation,16.47761194029851
home automation,16.454545454545453
intserv networks,16.444444444444443
fading,16.438127090301002
signal synthesis,16.428571428571427
signal reconstruction,16.428571428571427
job shop scheduling,16.4
power engineering computing,16.375
switching circuits,16.375
telecommunication traffic recording,16.333333333333332
electromagnetic scattering,16.333333333333332
space time codes,16.32608695652174
registers,16.25
wireless networks,16.18238993710692
optical propagation,16.166666666666668
authentication,16.166666666666668
convolutional codes,16.14835164835165
upper bound,16.142857142857142
markov processes,16.116883116883116
frequency estimation,16.046875
signal generators,16.041666666666668
personal communication networks,16.025974025974026
computational complexity,16.016393442622952
iterative decoding,16.01010101010101
birth disorders,16.0
inference algorithms,16.0
bioinformatics,16.0
delay systems,16.0
argon,16.0
fluid dynamics,16.0
nominations and elections,16.0
local government,16.0
high performance computing,16.0
genomics,16.0
optical distortion,16.0
cochannel interference,15.962264150943396
matrix decomposition,15.944444444444445
loss measurement,15.875
receivers,15.839285714285714
redundancy,15.75
reflection,15.714285714285714
probability distribution,15.666666666666666
public key,15.666666666666666
error analysis,15.666666666666666
transient response,15.655172413793103
frequency division multiplexing,15.653061224489797
decision feedback equalisers,15.644444444444444
awgn channels,15.635036496350365
heuristic algorithms,15.634146341463415
parallel algorithms,15.625
cyclic redundancy check,15.6
feedback loop,15.6
microwave links,15.5
image sequences,15.5
predistortion,15.5
video signal processing,15.5
optical storage,15.5
software standards,15.5
information processing,15.5
millimeter wave radar,15.5
performance gain,15.377777777777778
signal analysis,15.351851851851851
synchronisation,15.349397590361447
fluid flow measurement,15.333333333333334
method of moments,15.333333333333334
forward error correction,15.295454545454545
tariffs,15.285714285714286
filters,15.282608695652174
broadcasting,15.270833333333334
computer networks,15.21111111111111
interleaved codes,15.2
high speed optical techniques,15.1875
cache storage,15.172413793103448
noise measurement,15.133333333333333
standardization,15.133333333333333
least squares approximations,15.1
data analysis,15.090909090909092
detection algorithms,15.076923076923077
costing,15.076923076923077
web server,15.068965517241379
safety,15.0
ieee news,15.0
bessel functions,15.0
airplanes,15.0
parallel processing,15.0
resists,15.0
optical fibre communication,15.0
q measurement,15.0
quantisation (signal),15.0
quantization,15.0
speech processing,15.0
distributed programming,15.0
application specific integrated circuits,15.0
fixed point arithmetic,15.0
digital-analog conversion,15.0
integrated circuit noise,15.0
4g mobile communication,14.923076923076923
radio access networks,14.919642857142858
frequency domain analysis,14.9
buffer storage,14.892307692307693
macrocell networks,14.88
guidelines,14.875
sections,14.8
stimulated emission,14.8
torque,14.8
protocols,14.798418972332016
cellular networks,14.755102040816327
inference mechanisms,14.75
sequential estimation,14.714285714285714
adaptive estimation,14.705882352941176
two-dimensional digital filters,14.666666666666666
radio network,14.666666666666666
mean square error methods,14.625
public key cryptography,14.615384615384615
gold,14.6
array signal processing,14.555555555555555
paging communication,14.533333333333333
optical fiber devices,14.5
nonlinear optics,14.5
paging strategies,14.5
fiber nonlinear optics,14.5
automatic speech recognition,14.5
transport control,14.5
aircraft,14.5
turbo codes,14.454545454545455
ground penetrating radar,14.447368421052632
space-time codes,14.432835820895523
multiuser channels,14.429530201342281
runtime,14.4
mobile communication,14.38728323699422
detectors,14.373913043478261
sampling methods,14.366666666666667
traffic control,14.33453237410072
reflector antennas,14.333333333333334
identification,14.333333333333334
telecommunication network planning,14.3
time division multiple access,14.294117647058824
design methodology,14.263157894736842
bipartite graph,14.25
wavelength converters,14.2
viterbi algorithm,14.162162162162161
optical fiber communication,14.142857142857142
voice communication,14.129032258064516
interchannel interference,14.11111111111111
error statistics,14.043367346938776
frequency-domain analysis,14.0
low pass filters,14.0
centralised control,14.0
image classification,14.0
surface-mount technology,14.0
galois fields,14.0
diesel engines,14.0
resonance,14.0
economic indicators,14.0
microwave filters,14.0
patch antennas,14.0
time factors,14.0
minimization methods,14.0
intelligent structures,14.0
reduced order systems,14.0
approximation methods,14.0
utility theory,14.0
packet switching,13.976303317535544
diversity methods,13.964912280701755
radio control,13.931034482758621
power system modeling,13.82089552238806
adaptive modulation,13.805555555555555
resource management,13.774647887323944
bluetooth,13.765625
vehicles,13.733333333333333
speech codecs,13.714285714285714
signal design,13.705882352941176
frequency diversity,13.675675675675675
absorption,13.666666666666666
parallel architectures,13.666666666666666
collaborative work,13.6
power measurement,13.586206896551724
programmable control,13.571428571428571
telephone sets,13.571428571428571
control systems,13.507692307692308
losses,13.5
object detection,13.5
bayes methods,13.461538461538462
spread spectrum communication,13.421875
design engineering,13.411764705882353
ray tracing,13.395348837209303
decision feedback equalizers,13.394736842105264
monitoring,13.368421052631579
wideband,13.365384615384615
telecommunication networks,13.357142857142858
signal detection,13.353383458646617
data mining,13.352941176470589
equalisers,13.337837837837839
vlsi,13.333333333333334
poisson distribution,13.333333333333334
adaptive signal processing,13.333333333333334
power cables,13.333333333333334
interference suppression,13.316151202749142
joining processes,13.307692307692308
probability density function,13.285714285714286
numerical stability,13.285714285714286
additive noise,13.28
automated highways,13.272727272727273
inverse problems,13.25
humans,13.25
bayesian methods,13.214285714285714
delay estimation,13.18095238095238
energy conservation,13.166666666666666
gaussian processes,13.153846153846153
next generation networking,13.071428571428571
downlink,13.065573770491802
time division multiplexing,13.058823529411764
constraint theory,13.0
binary phase shift keying,13.0
ansi standards,13.0
space missions,13.0
video sequences,13.0
terrain factors,13.0
amplitude modulation,13.0
taxonomy,13.0
logic devices,13.0
clutter,13.0
wave functions,13.0
image converters,13.0
electric fields,13.0
decision making,13.0
physical optics,13.0
current distribution,13.0
partial response signaling,13.0
energy states,13.0
education,13.0
domestic appliances,13.0
self-organising feature maps,13.0
optical diffraction,13.0
optical fiber theory,13.0
dipole antennas,13.0
physics,13.0
fading channels,12.908496732026144
adaptive control,12.902777777777779
bit error rate,12.885462555066079
ethernet networks,12.875
telecommunication signalling,12.875
telecommunication control,12.843137254901961
government,12.833333333333334
frequency synchronization,12.833333333333334
least mean squares methods,12.771186440677965
antenna theory,12.733333333333333
scheduling,12.716049382716049
quality of service,12.702838063439065
accounting,12.666666666666666
linearisation techniques,12.666666666666666
polynomial approximation,12.666666666666666
digital radio,12.65625
uncertainty,12.615384615384615
trellis codes,12.581395348837209
information analysis,12.578947368421053
cellular radio,12.53956834532374
lakes,12.538461538461538
land mobile radio cellular systems,12.506024096385541
information services,12.5
xml,12.5
millimetre wave receivers,12.5
terminology,12.5
semiconductor device noise,12.5
packet reservation multiple access,12.5
rapid transit systems,12.5
electric breakdown,12.5
pi control,12.5
telecommunication network management,12.492063492063492
impulse noise,12.444444444444445
demodulation,12.43939393939394
radio communication,12.428571428571429
vehicle dynamics,12.4
system performance,12.392857142857142
apertures,12.333333333333334
reviews,12.285714285714286
computational efficiency,12.25
automatic control,12.235294117647058
steady-state,12.1875
smoothing methods,12.090909090909092
error probability,12.054054054054054
chaotic communication,12.0
laplace equations,12.0
decision theory,12.0
magnetic heads,12.0
target tracking,12.0
military satellites,12.0
technological forecasting,12.0
financial management,12.0
algebraic codes,12.0
minerals,12.0
optical devices,12.0
time-varying filters,12.0
radio navigation,12.0
np-hard problem,12.0
petroleum,12.0
automatic repeat request,11.958333333333334
frequency allocation,11.95
partial transmit sequences,11.875
communication system traffic,11.833333333333334
rf signals,11.833333333333334
calibration,11.8
position measurement,11.8
electromagnetic propagation,11.75
power electronics,11.75
trajectory,11.75
antenna radiation patterns,11.733333333333333
approximation algorithms,11.727272727272727
codes,11.727272727272727
adaptive antenna arrays,11.725274725274724
phase estimation,11.675675675675675
broadband amplifiers,11.666666666666666
artificial neural networks,11.666666666666666
hadamard matrices,11.666666666666666
commerce,11.666666666666666
broadband communication,11.657142857142857
discrete fourier transforms,11.636363636363637
phase modulation,11.628571428571428
very large scale integration,11.571428571428571
length measurement,11.571428571428571
gsm,11.549295774647888
differential equations,11.5
aerodynamics,11.5
telecommunication computing,11.5
binary search trees,11.5
particle measurements,11.5
combinatorial mathematics,11.5
cables,11.5
home appliances,11.5
hysteresis,11.5
measurement techniques,11.5
hadamard transforms,11.5
isdn,11.5
hybrid electric vehicles,11.461538461538462
channel bank filters,11.454545454545455
gain measurement,11.428571428571429
communication system traffic control,11.397727272727273
current measurement,11.333333333333334
optimal scheduling,11.333333333333334
control system synthesis,11.333333333333334
java,11.333333333333334
finite difference methods,11.333333333333334
communication standards,11.25
displays,11.25
psnr,11.25
electronic commerce,11.25
bidirectional control,11.222222222222221
informatics,11.222222222222221
real-time systems,11.2
blind equalizers,11.166666666666666
multiaccess communication,11.165876777251185
data compression,11.15625
voltage,11.125
virtual private networks,11.066666666666666
electrostatic precipitators,11.0
integrated circuit measurements,11.0
digital audio broadcasting,11.0
microwave bands,11.0
portable computers,11.0
radio stations,11.0
automation,11.0
radio communication countermeasures,11.0
inhomogeneous media,11.0
millimeter wave communication,11.0
magnetic resonance,11.0
pipeline processing,11.0
microcontrollers,11.0
pwm power convertors,11.0
dc-dc power converters,11.0
forward contracts,11.0
chromium,11.0
proportional control,11.0
electromagnetic compatibility,11.0
inductors,11.0
demultiplexing equipment,11.0
protons,11.0
power system protection,11.0
repeaters,11.0
electromagnetic shielding,11.0
sdram,11.0
biomembranes,11.0
fuel optimal control,11.0
content-addressable storage,11.0
biomedical engineering,11.0
rotation measurement,11.0
cellular neural networks,11.0
supercapacitors,11.0
vehicle driving,10.9
nonlinear distortion,10.9
closed loop systems,10.857142857142858
peak to average power ratio,10.833333333333334
equalizers,10.814814814814815
independent component analysis,10.8
multimedia communication,10.797619047619047
admission control,10.782608695652174
thermal noise,10.75
copper,10.75
finite impulse response filter,10.72972972972973
timing,10.675324675324676
correlation theory,10.666666666666666
software performance,10.666666666666666
rectangular waveguides,10.666666666666666
working environment noise,10.652173913043478
multiuser detection,10.64102564102564
communication system control,10.607843137254902
phase shift keying,10.565573770491802
least squares approximation,10.54054054054054
circuit noise,10.5
gradient methods,10.5
memory,10.5
radio transceivers,10.5
open loop systems,10.5
bandlimited communication,10.5
microwave antennas,10.5
optical computing,10.5
brakes,10.5
nonparametric statistics,10.5
time-varying channels,10.462962962962964
processor scheduling,10.461538461538462
trees (mathematics),10.458333333333334
optical links,10.416666666666666
scheduling algorithm,10.4125
frequency division multiaccess,10.4
filtering theory,10.380952380952381
multifrequency antennas,10.333333333333334
cost function,10.304347826086957
adaptive arrays,10.274193548387096
digital multimedia broadcasting,10.25
pulse shaping methods,10.25
topology,10.235294117647058
adaptive equalisers,10.208333333333334
conjugate gradient methods,10.2
bandwidth allocation,10.129411764705882
communication system security,10.125
digital video broadcasting,10.11111111111111
dynamic programming,10.0625
product codes,10.052631578947368
geometric codes,10.0
space power stations,10.0
radio applications,10.0
graphical models,10.0
lagrangian functions,10.0
control engineering,10.0
amplitude estimation,10.0
shock absorbers,10.0
refining,10.0
hazards,10.0
reachability analysis,10.0
low-pass filters,10.0
silicon compounds,10.0
advisory committee,10.0
millimetre wave propagation,10.0
fault diagnosis,10.0
millimeter wave propagation,10.0
induction generators,10.0
tires,10.0
phase detectors,10.0
phase locked oscillators,10.0
dipole antenna arrays,10.0
stock markets,10.0
electromagnetic measurements,10.0
cmos technology,10.0
headphones,10.0
arm,10.0
frequency selective surfaces,10.0
uninterruptible power systems,10.0
slabs,10.0
intersymbol interference,9.981735159817351
frequency conversion,9.973684210526315
bit rate,9.96
metropolitan area networks,9.833333333333334
recursive estimation,9.833333333333334
linear regression,9.75
hierarchical systems,9.75
internet telephony,9.717391304347826
covariance matrix,9.685714285714285
damping,9.666666666666666
optical reflection,9.666666666666666
memory management,9.666666666666666
software systems,9.666666666666666
integrated circuit interconnections,9.666666666666666
dynamic range,9.625
power engineering and energy,9.61111111111111
robust control,9.6
source separation,9.571428571428571
software agents,9.571428571428571
web sites,9.545454545454545
video on demand,9.526315789473685
streaming media,9.511904761904763
biological effects of fields,9.5
shape measurement,9.5
videoconference,9.5
asynchronous communication,9.5
authorization,9.5
digital tv,9.5
feeds,9.5
prediction algorithms,9.4
token networks,9.4
digital filters,9.38888888888889
pseudonoise codes,9.38888888888889
fault tolerance,9.375
optical signal processing,9.375
multiple access interference,9.345794392523365
rough surfaces,9.333333333333334
least squares methods,9.333333333333334
information security,9.333333333333334
power system management,9.333333333333334
us department of transportation,9.333333333333334
rail to rail inputs,9.333333333333334
braking,9.333333333333334
delay effects,9.301369863013699
information filters,9.285714285714286
information filtering,9.285714285714286
partial response channels,9.272727272727273
propagation losses,9.25
linear systems,9.25
information rates,9.25
process planning,9.25
pairwise error probability,9.235294117647058
baseband,9.23076923076923
mpeg 4 standard,9.222222222222221
filtering,9.21875
telecommunication services,9.142857142857142
codecs,9.090909090909092
3g mobile communication,9.069686411149826
queueing theory,9.04109589041096
cities and towns,9.04
tuning,9.0
analogue simulation,9.0
quality assessment,9.0
copy protection,9.0
electromagnetic waveguides,9.0
power steering,9.0
economics,9.0
feedforward systems,9.0
watermarking,9.0
data encapsulation,9.0
reluctance machines,9.0
optical signal detection,9.0
copyright,9.0
algorithm theory,9.0
navigation,9.0
algebra,9.0
dielectric loss measurement,9.0
copyright protection,9.0
tunneling,9.0
power system dynamics,9.0
particle filters,9.0
system-on-a-chip,9.0
image processing,9.0
laser beams,9.0
tropospheric electromagnetic wave propagation,9.0
interference (signal),9.0
automatic guided vehicles,9.0
architecture,9.0
particle tracking,9.0
ieee press,9.0
mining,9.0
micromachining,9.0
computerised navigation,9.0
strontium,9.0
sliding mode control,9.0
rain,9.0
random number generation,9.0
electric generators,9.0
process control,9.0
temperature,9.0
sensor fusion,9.0
distributed power generation,9.0
starting,9.0
laser fusion,9.0
urban areas,8.947368421052632
databases,8.916666666666666
optical filters,8.857142857142858
circuit simulation,8.857142857142858
traction motors,8.833333333333334
adaptive signal detection,8.814814814814815
technological innovation,8.761904761904763
tellurium,8.75
maintenance engineering,8.75
sequential decoding,8.75
pulse shaping,8.75
round robin,8.75
code division multiple access,8.684121621621621
fir filters,8.681818181818182
marine vehicles,8.666666666666666
wiener filter,8.666666666666666
memory architecture,8.666666666666666
tracking filters,8.666666666666666
root mean square,8.666666666666666
channel allocation,8.604651162790697
antenna testing,8.6
finite difference time-domain analysis,8.6
failure analysis,8.6
jacobian matrices,8.571428571428571
context,8.571428571428571
wheels,8.571428571428571
amplitude shift keying,8.555555555555555
nonlinear filters,8.541666666666666
network address translation,8.5
transponders,8.5
stacking,8.5
layout,8.5
hidden markov models,8.470588235294118
integral equations,8.470588235294118
adjacent channel interference,8.470588235294118
stability analysis,8.4
concatenated codes,8.383838383838384
computer simulation,8.36046511627907
video coding,8.342105263157896
regulators,8.333333333333334
hopfield neural networks,8.333333333333334
diffserv networks,8.3
concurrent computing,8.285714285714286
pattern matching,8.25
residue number systems,8.25
radio broadcasting,8.2
density measurement,8.2
computer architecture,8.166666666666666
interference cancellation,8.159090909090908
density functional theory,8.142857142857142
energy management,8.125
mathematics,8.11111111111111
hardware,8.086206896551724
optical modulation,8.083333333333334
space-time adaptive processing,8.071428571428571
uhf filters,8.0
pressing,8.0
atom optics,8.0
surface roughness,8.0
chip scale packaging,8.0
polynomial matrices,8.0
meta data,8.0
permeability,8.0
multiple signal classification,8.0
telecommunication cables,8.0
combustion,8.0
comb filters,8.0
digital storage,8.0
communication switching,8.0
feedback control,8.0
m-sequences,8.0
learning systems,8.0
permanent magnet motors,8.0
message-oriented middleware,8.0
bch codes,8.0
field strength measurement,8.0
remote sensing,8.0
cascade networks,8.0
cmos analogue integrated circuits,8.0
power demand,8.0
aperture coupled antennas,8.0
s-parameters,8.0
information science,8.0
data acquisition,8.0
multimedia systems,7.943396226415095
satellites,7.9375
state estimation,7.9375
speech analysis,7.928571428571429
acceleration,7.923076923076923
systems engineering and theory,7.909090909090909
digital signal processing chips,7.9
councils,7.888888888888889
transversal filters,7.8
local area networks,7.780487804878049
computer vision,7.75
subscriber loops,7.75
resilience,7.75
neural nets,7.75
fuzzy logic,7.6923076923076925
nist,7.666666666666667
invoicing,7.666666666666667
communication systems,7.636363636363637
satellite broadcasting,7.625
adaptive algorithm,7.625
resource allocation,7.604166666666667
tree data structures,7.571428571428571
kalman filters,7.555555555555555
computer errors,7.516129032258065
finite state machines,7.5
electromagnetic wave reflection,7.5
video servers,7.5
compensation,7.5
search engines,7.5
hermitian matrices,7.5
volume measurement,7.5
distance learning,7.5
gas insulated transmission lines,7.5
strategic planning,7.5
decision support systems,7.5
software measurement,7.5
merging,7.5
space technology,7.448275862068965
millimeter wave technology,7.4
optical pulses,7.4
optical design,7.4
optical communication,7.363636363636363
nakagami distribution,7.363636363636363
direct-sequence code-division multiple access,7.363636363636363
jitter,7.354838709677419
home computing,7.333333333333333
envelope detectors,7.333333333333333
turning,7.333333333333333
intelligent transportation systems,7.333333333333333
motion estimation,7.285714285714286
optical fibre subscriber loops,7.285714285714286
sorting,7.25
velocity measurement,7.25
signal representation,7.25
microprocessors,7.25
genetic expression,7.25
minimax techniques,7.25
frequency modulation,7.2
shape,7.176470588235294
fuel cells,7.166666666666667
security of data,7.166666666666667
blind equalisers,7.130434782608695
process design,7.125
search problems,7.115384615384615
digital signal processing,7.1
satellite communication,7.098360655737705
fluctuations,7.0476190476190474
sequences,7.041666666666667
visual communication,7.0285714285714285
hazards and race conditions,7.0
stress,7.0
bridges,7.0
solids,7.0
network operating systems,7.0
software engineering,7.0
nonlinear equations,7.0
health hazards,7.0
conferences,7.0
cellular phones,7.0
heating,7.0
standards organizations,7.0
hopfield neural nets,7.0
packaging,7.0
radiofrequency identification,7.0
electric conduits,7.0
matrix converters,7.0
coupling circuits,7.0
importance sampling,7.0
time division synchronous code division multiple access,7.0
poles and towers,7.0
biological system modeling,7.0
cutoff frequency,7.0
attenuation measurement,7.0
microwave ovens,7.0
motor drives,7.0
data communication equipment,7.0
data visualization,7.0
interactive video,7.0
band pass filters,7.0
manufacturing,7.0
transmission line matrix methods,7.0
alternators,7.0
reluctance motor drives,7.0
lattice theory,7.0
real time systems,7.0
light interference,7.0
distortion measurement,7.0
lighting control,7.0
indoor communication,7.0
photonic switching systems,7.0
controller area networks,7.0
radar equipment,7.0
context-free grammars,7.0
wire,7.0
information dissemination,7.0
power amplifiers,6.956521739130435
polynomials,6.951219512195122
speech,6.909090909090909
automotive engineering,6.888888888888889
fast fourier transforms,6.888888888888889
table lookup,6.882352941176471
torque control,6.875
filter bank,6.857142857142857
transportation,6.857142857142857
frequency hop communication,6.8076923076923075
speech coding,6.785714285714286
covariance matrices,6.777777777777778
satellite links,6.75
computational geometry,6.75
optical sensors,6.75
vehicle safety,6.75
stochastic resonance,6.75
trellis coded modulation,6.709677419354839
matched filters,6.670588235294118
multiprocessor interconnection networks,6.666666666666667
geophysical measurement techniques,6.666666666666667
virtual prototyping,6.666666666666667
microwave measurements,6.666666666666667
analysis of variance,6.666666666666667
multistage interconnection networks,6.666666666666667
ici,6.666666666666667
laplace transforms,6.666666666666667
cramer-rao bounds,6.666666666666667
contacts,6.666666666666667
dispatching,6.666666666666667
road transportation,6.625
transform coding,6.615384615384615
set theory,6.6
employment,6.6
adaptive codes,6.583333333333333
silicon carbide,6.583333333333333
subscriptions,6.555555555555555
hvac,6.5
error detection codes,6.5
watches,6.5
coding errors,6.5
feedforward,6.5
digital phase locked loops,6.5
dc-dc power convertors,6.5
telecommunication network topology,6.5
feedforward neural nets,6.5
instruments,6.5
optical crosstalk,6.5
noise robustness,6.4375
postal services,6.428571428571429
power generation,6.411764705882353
web pages,6.4
multicarrier code division multiple access,6.391304347826087
reliability engineering,6.375
collision mitigation,6.333333333333333
roads,6.333333333333333
harmonic analysis,6.333333333333333
privacy,6.333333333333333
application program interfaces,6.333333333333333
application specific processors,6.333333333333333
resistance heating,6.333333333333333
image reconstruction,6.333333333333333
force measurement,6.333333333333333
asynchronous transfer mode,6.253164556962025
springs,6.25
ubiquitous computing,6.25
emulation,6.25
fuel cell vehicles,6.25
pipelines,6.25
golay codes,6.25
electric impedance,6.25
physics computing,6.2
teleconferencing,6.2
matrix inversion,6.142857142857143
piecewise linear techniques,6.125
network interfaces,6.090909090909091
integrated voice/data communication,6.076923076923077
frequency response,6.076923076923077
police data processing,6.0
passband,6.0
path planning,6.0
power dissipation,6.0
content based retrieval,6.0
file servers,6.0
space communication links,6.0
distributed parameter circuits,6.0
randomised algorithms,6.0
power transmission lines,6.0
quadratic programming,6.0
electric variables measurement,6.0
shared memory systems,6.0
computer buffers,6.0
computer aided manufacturing,6.0
nonlinear programming,6.0
mechanical factors,6.0
online front-ends,6.0
ieee members,6.0
brain modeling,6.0
advertising,6.0
system buses,6.0
stochastic systems,6.0
air conditioning,6.0
light propagation,6.0
hamming codes,6.0
tree codes,6.0
cadcam,6.0
instruction sets,6.0
microwave measurement,6.0
logic design,6.0
hospitals,6.0
optical fibre dispersion,6.0
optical fibre lan,6.0
optical fibres,6.0
operations research,6.0
local oscillators,6.0
negative feedback,6.0
mice,6.0
microwave devices,6.0
frequency-selective fading channels,5.947368421052632
variable rate codes,5.9375
uhf antennas,5.909090909090909
drives,5.875
context-aware services,5.875
electric vehicles,5.857142857142857
high power amplifiers,5.833333333333333
data structures,5.833333333333333
code division multiplexing,5.833333333333333
educational institutions,5.821428571428571
environmental management,5.8
state-space methods,5.75
authorisation,5.75
high-speed networks,5.75
software algorithms,5.75
art,5.75
network synthesis,5.75
data engineering,5.733333333333333
random codes,5.714285714285714
storms,5.666666666666667
test facilities,5.666666666666667
intelligent systems,5.666666666666667
continuous phase modulation,5.647058823529412
sociotechnical systems,5.625
video compression,5.619047619047619
optical attenuators,5.6
microcell networks,5.586206896551724
data systems,5.571428571428571
battery management systems,5.5
transforms,5.5
tunable circuits and devices,5.5
insertion loss,5.5
optical waveguides,5.5
wide area networks,5.5
standards publication,5.5
service oriented architecture,5.5
power system reliability,5.5
microwave antenna arrays,5.5
micromechanical devices,5.5
electromagnetic fields,5.5
printers,5.5
vhf radio propagation,5.5
blind source separation,5.428571428571429
hamming distance,5.428571428571429
kernel,5.4
mathematical analysis,5.333333333333333
matlab,5.333333333333333
induction motor drives,5.333333333333333
handheld computers,5.333333333333333
automotive applications,5.333333333333333
circuit theory,5.333333333333333
mobile radio mobility management,5.294117647058823
discrete cosine transforms,5.25
filtering algorithms,5.25
national electric code,5.25
gain,5.25
iir filters,5.222222222222222
world wide web,5.214285714285714
yield estimation,5.142857142857143
wiener filters,5.125
neural networks,5.076923076923077
millimetre wave oscillators,5.0
coherence,5.0
integrated software,5.0
genetic programming,5.0
delta modulation,5.0
programmable logic arrays,5.0
analogue-digital conversion,5.0
computational intelligence,5.0
power supplies,5.0
military computing,5.0
knee,5.0
electrons,5.0
automatic frequency control,5.0
object-oriented methods,5.0
synchronization,5.0
conductivity,5.0
circuit testing,5.0
power system analysis computing,5.0
cable television,5.0
power system harmonics,5.0
pricing,5.0
support vector machines,5.0
user interfaces,5.0
harmonics,5.0
digital-to-frequency converters,5.0
safety systems,5.0
splicing,5.0
electrodes,5.0
interactive television,5.0
accidents,5.0
frequency multipliers,5.0
casting,5.0
collaborative software,5.0
neodymium,5.0
fuel economy,5.0
satellite navigation,5.0
chemicals,5.0
angular measurement,5.0
information networks,5.0
management information systems,5.0
dual codes,5.0
thermodynamics,5.0
cloning,5.0
permittivity,5.0
multi-agent systems,5.0
bones,5.0
wavelet coefficients,5.0
storage area networks,5.0
output feedback,5.0
computer crashes,5.0
identity-based encryption,5.0
context modeling,5.0
multimedia servers,5.0
brazil council,5.0
taylor series,5.0
building,5.0
business data processing,5.0
wires,5.0
ordinary magnetoresistance,5.0
dielectrics,5.0
ducts,5.0
power capacitors,5.0
traffic,5.0
monos devices,5.0
actuators,5.0
classification tree analysis,5.0
land vehicles,5.0
computational intelligence society,5.0
virtual enterprises,5.0
laser tuning,5.0
dh-hemts,5.0
artificial satellites,4.967741935483871
minimum shift keying,4.9
numerical analysis,4.888888888888889
software radio,4.863636363636363
circuit switching,4.857142857142857
queueing analysis,4.84
phase frequency detector,4.8
viterbi detection,4.8
adaptive filters,4.8
web services,4.8
reliability,4.8
chaos,4.785714285714286
floods,4.777777777777778
magnetic recording,4.769230769230769
wavelet transforms,4.75
waveguide theory,4.75
intermodulation,4.75
bismuth,4.75
software prototyping,4.75
antenna phased arrays,4.75
oscillators,4.7
maximum likelihood sequence estimation,4.695652173913044
linearity,4.666666666666667
fabrics,4.666666666666667
cameras,4.666666666666667
tracking,4.666666666666667
fault detection,4.666666666666667
field programmable gate arrays,4.625
direction of arrival estimation,4.533333333333333
ventilation,4.5
impedance matching,4.5
vents,4.5
image resolution,4.5
multibeam antennas,4.5
adaptive scheduling,4.5
phase shifters,4.5
permission,4.5
digital signal processors,4.5
random access memory,4.5
heat engines,4.5
ovens,4.5
radial basis function networks,4.5
radiofrequency filters,4.5
binary trees,4.5
biomedical signal processing,4.5
modeling,4.5
matrix multiplication,4.5
power system planning,4.5
delta-sigma modulation,4.5
tv,4.5
electric propulsion,4.4
dynamic scheduling,4.363636363636363
earth,4.333333333333333
field-flow fractionation,4.333333333333333
traction motor drives,4.333333333333333
demand assigned multiple access,4.333333333333333
communication channels,4.333333333333333
transaction databases,4.333333333333333
power convertors,4.333333333333333
impedance,4.285714285714286
milling machines,4.25
video codecs,4.25
cordless telephone systems,4.25
couplings,4.25
principal component analysis,4.2
system testing,4.142857142857143
sport,4.0
correlation,4.0
liquid crystal displays,4.0
artificial intelligence,4.0
background noise,4.0
diodes,4.0
computer security,4.0
softening,4.0
speech intelligibility,4.0
usability,4.0
ash,4.0
data models,4.0
aging,4.0
acoustic testing,4.0
active antenna arrays,4.0
cache memory,4.0
slot antennas,4.0
vocoders,4.0
asynchronous machines,4.0
dictionaries,4.0
controllability,4.0
shape control,4.0
reconfigurable architectures,4.0
satellite tracking,4.0
radiowave interferometry,4.0
hybrid fibre coax networks,4.0
focusing,4.0
optical films,4.0
planar antenna arrays,4.0
military equipment,4.0
middleware,4.0
fourier transform optics,4.0
median filters,4.0
lan interconnection,4.0
microwave integrated circuits,4.0
optimized production technology,4.0
optical projectors,4.0
medical services,4.0
pursuit algorithms,4.0
electromagnetic wave polarization,4.0
holographic optical components,4.0
knowledge based systems,4.0
kinetic theory,4.0
holography,4.0
microwave technology,4.0
millimetre wave antenna arrays,4.0
matching pursuit algorithms,4.0
induction machines,4.0
niobium compounds,4.0
information resources,4.0
load flow analysis,4.0
production,4.0
educational technology,4.0
limiting,4.0
pervasive computing,4.0
power harmonic filters,4.0
groupware,4.0
electromagnetic heating,4.0
disruption tolerant networking,4.0
noise shaping,4.0
open area test sites,4.0
distributed databases,3.857142857142857
standardisation,3.8333333333333335
uniform resource locators,3.8333333333333335
frequency shift keying,3.8222222222222224
fractals,3.8
phase detection,3.761904761904762
analog-digital conversion,3.75
phase locked loops,3.7142857142857144
digital arithmetic,3.6666666666666665
explosions,3.6666666666666665
magnetic analysis,3.6666666666666665
graphics,3.6666666666666665
low earth orbit satellites,3.6
time varying systems,3.6
satellite ground stations,3.5833333333333335
satellite antennas,3.5714285714285716
software tools,3.5
hoses,3.5
signal classification,3.5
hypermedia,3.5
aircraft antennas,3.5
nasa,3.5
calendars,3.5
controllers,3.5
communication system signaling,3.5
intelligent sensors,3.5
digital control,3.5
carrier transmission on power lines,3.5
monopole antenna arrays,3.5
learning (artificial intelligence),3.5
functional programming,3.5
digital signatures,3.5
power line communications,3.5
transcoding,3.5
graphical user interfaces,3.5
delay lock loops,3.5
consumer electronics,3.4
electronic switching systems,3.4
buildings,3.3636363636363638
fddi,3.3333333333333335
computerized monitoring,3.3333333333333335
operating systems (computers),3.3333333333333335
spatiotemporal phenomena,3.25
business,3.2
video sharing,3.142857142857143
fuzzy control,3.142857142857143
differential quadrature phase shift keying,3.125
modules,3.0
time-frequency analysis,3.0
induction motors,3.0
planar arrays,3.0
control system analysis,3.0
tornadoes,3.0
banking,3.0
battery powered vehicles,3.0
expert systems,3.0
moore's law,3.0
motion control,3.0
chaos generators,3.0
thumb,3.0
smart cards,3.0
neck,3.0
optical limiters,3.0
optical information processing,3.0
high definition video,3.0
communication complexity,3.0
communication cables,3.0
surges,3.0
hamming weight,3.0
structural engineering,3.0
operating system kernels,3.0
structural beams,3.0
chirp modulation,3.0
object-oriented languages,3.0
ground support,3.0
notice of violation,3.0
frequency locked loops,3.0
calculus,3.0
systolic arrays,3.0
multidimensional digital filters,3.0
snow,3.0
motion measurement,3.0
conductors,3.0
tensile stress,3.0
perceptrons,3.0
multichip modules,3.0
flexible manufacturing systems,3.0
hybrid fiber coaxial cables,3.0
body sensor networks,3.0
multilevel systems,3.0
telematics,3.0
footwear,3.0
software testing,3.0
industrial power systems,3.0
possibility theory,3.0
series (mathematics),3.0
resumes,3.0
production engineering computing,3.0
itemsets,3.0
project management,3.0
echo suppression,3.0
production systems,3.0
invertors,3.0
inverters,3.0
mechanical sensors,3.0
energy storage,3.0
ear,3.0
rivers,3.0
defense industry,3.0
universal serial bus,3.0
uncertainty handling,3.0
uhf phase shifters,3.0
satellite constellations,3.0
database systems,3.0
echo cancellers,3.0
kinematics,3.0
association rules,3.0
rain fading,3.0
radio reception,3.0
workstations,3.0
wireless cellular systems,3.0
logic,3.0
active noise reduction,3.0
loudspeakers,3.0
web design,3.0
least mean square algorithms,3.0
labeling,3.0
voting,3.0
digital cameras,3.0
reconfigurable logic,3.0
reed-muller codes,3.0
reflector antenna feeds,3.0
refractive index,3.0
region 1,3.0
integrated optics,3.0
notebook computers,3.0
automobile industry,3.0
microwave heating,3.0
insulation,3.0
data processing,3.0
auditory displays,3.0
scholarships,3.0
sea measurements,3.0
sea surface,3.0
insulated gate bipolar transistors,3.0
secondary cells,3.0
travelling wave tubes,3.0
satellite navigation systems,3.0
seminars,3.0
predictive encoding,3.0
integrated circuit technology,3.0
adaptive equalizers,2.9375
colored noise,2.888888888888889
sensitivity analysis,2.75
passive optical networks,2.75
phased arrays,2.6666666666666665
tin,2.6666666666666665
distributed sensors,2.6666666666666665
communication system software,2.6666666666666665
numerical simulation,2.6666666666666665
search methods,2.6666666666666665
image communication,2.6
training data,2.6
mixers (circuits),2.5
aerospace industry,2.5
surgery,2.5
computer aided instruction,2.5
synchronous motor drives,2.5
brushless dc motors,2.5
hadamard codes,2.5
erbium,2.5
corporate acquisitions,2.5
police,2.5
large scale integration,2.4
mobile satellite communication,2.3846153846153846
demodulators,2.3636363636363638
phase control,2.3333333333333335
quality control,2.3333333333333335
digital magnetic recording,2.3333333333333335
motion pictures,2.3333333333333335
time of arrival estimation,2.3333333333333335
cyclic codes,2.3333333333333335
television receivers,2.3333333333333335
broadcast technology,2.3333333333333335
tracking loops,2.3333333333333335
forgery,2.3333333333333335
intermodulation distortion,2.25
railways,2.2
pattern analysis,2.1666666666666665
radiofrequency amplifiers,2.125
paper technology,2.076923076923077
waveguides,2.0
neurons,2.0
industrial engineering,2.0
walsh functions,2.0
noise figure,2.0
waste management,2.0
zinc,2.0
gravity,2.0
legal factors,2.0
circuit analysis,2.0
subcarrier multiplexing,2.0
learning,2.0
adaptive decoding,2.0
binary decision diagrams,2.0
aneurysm,2.0
switched mode power supplies,2.0
bragg gratings,2.0
implants,2.0
uhf measurements,2.0
image motion analysis,2.0
termination of employment,2.0
intelligent agent,2.0
two-term control,2.0
interferometry,2.0
international space station,2.0
blood,2.0
television reception,2.0
vector quantisation,2.0
beam steering,2.0
bonding,2.0
brain,2.0
law enforcement,2.0
veins,2.0
velocity control,2.0
multiplexing equipment,2.0
video cameras,2.0
audio databases,2.0
multiprocessing systems,2.0
tungsten,2.0
magneto electrical resistivity imaging technique,2.0
moon,2.0
minimum entropy methods,2.0
switching converters,2.0
band-pass filters,2.0
law,2.0
infinite horizon,2.0
discrete time systems,2.0
dual band,2.0
friction,2.0
compression algorithms,2.0
prefetching,2.0
radar applications,2.0
optical waveguide theory,2.0
q factor,2.0
electric resistance,2.0
digital recording,2.0
color,2.0
sockets,2.0
doppler radar,2.0
read only memory,2.0
optical saturation,2.0
electromagnetic radiation,2.0
parametric devices,2.0
pwm invertors,2.0
electric locomotives,2.0
deconvolution,2.0
electric distortion,2.0
flow control,2.0
drag,2.0
page description languages,2.0
computer interfaces,2.0
computer hacking,2.0
prosthetics,2.0
radar detection,2.0
optical fibre couplers,2.0
optical communication equipment,2.0
radiation effects,2.0
corrosion,2.0
nonuniform sampling,2.0
radiotelephony,2.0
semiconductor diodes,2.0
platinum,2.0
couplers,2.0
rail traffic,2.0
photonics,2.0
power overhead lines,2.0
organizing,2.0
sigma-delta modulation,2.0
rail transportation,2.0
power supplies to apparatus,2.0
fault tolerant systems,2.0
spread spectrum radar,2.0
electromagnetic wave transmission,2.0
electronic design automation and methodology,2.0
force control,2.0
signalling,2.0
phantoms,2.0
doppler shift,1.875
telecommunication terminals,1.8333333333333333
arithmetic,1.8
time frequency analysis,1.75
emergency services,1.7142857142857142
directed graphs,1.6666666666666667
wavelet domain,1.6666666666666667
synchronous motors,1.6666666666666667
gratings,1.6666666666666667
business communication,1.6
modular construction,1.5
computer displays,1.5
unix,1.5
microelectronics,1.5
shift registers,1.5
thyristors,1.5
transducers,1.5
fuzzy systems,1.5
nearest neighbor searches,1.5
direct broadcasting by satellite,1.5
spatial databases,1.5
recursive filters,1.5
distributed object management,1.5
linear approximation,1.5
videotelephony,1.5
ham radios,1.5
wavelet analysis,1.3333333333333333
switching systems,1.3333333333333333
brownian motion,1.3333333333333333
video recording,1.2857142857142858
integrated circuit modeling,1.0
data visualisation,1.0
power system simulation,1.0
integrated circuit layout,1.0
power system security,1.0
radar scattering,1.0
railway safety,1.0
machine vision,1.0
wavelet packets,1.0
integrated circuit testing,1.0
magnesium,1.0
low-noise amplifiers,1.0
radar theory,1.0
microwave theory and techniques,1.0
inspection,1.0
light pens,1.0
lithium,1.0
load flow,1.0
energy resources,1.0
acceleration measurement,1.0
linear algebra,1.0
power generation economics,1.0
covariance analysis,1.0
power industry,1.0
acoustical engineering,1.0
life testing,1.0
locomotives,1.0
automatic gain control,1.0
employee welfare,1.0
railway electrification,1.0
infrared spectra,1.0
emp radiation effects,1.0
tuners,1.0
electrochemical impedance spectroscopy,1.0
electromagnetic induction,1.0
dielectric constant,1.0
intelligent actuators,1.0
electrochemical electrodes,1.0
elasticity,1.0
elastic deformation,1.0
magnetic noise,1.0
production facilities,1.0
mechanical engineering computing,1.0
measurement uncertainty,1.0
eddy current losses,1.0
replicated databases,1.0
reluctance motors,1.0
error compensation,1.0
anodes,1.0
annealing,1.0
dynamic testing,1.0
amplification,1.0
amplifiers,1.0
dram chips,1.0
magnetic separation,1.0
virtual machining,1.0
rlc circuits,1.0
magnetic cores,1.0
printing,1.0
electricity supply industry,1.0
magnesium alloys,1.0
dielectric substrates,1.0
unified modeling language,1.0
vsat networks,1.0
interactive terminals,1.0
aquaculture,1.0
read-write memory,1.0
medical diagnostic imaging,1.0
microcomputers,1.0
voice mail,1.0
us department of energy,1.0
member and geographic activities board committees,1.0
road vehicle radar,1.0
medical treatment,1.0
lattice filters,1.0
electrical safety,1.0
nonlinear systems,1.0
axles,1.0
flexible printed circuits,1.0
hydrogen,1.0
channel spacing,1.0
hysteresis motors,1.0
multimedia computing,1.0
flow graphs,1.0
boundary integral equations,1.0
telemedicine,1.0
optical arrays,1.0
software design,1.0
computer telephony integration,1.0
computer graphic equipment,1.0
computerised instrumentation,1.0
iii-v semiconductors,1.0
pattern classification,1.0
periodic structures,1.0
conference proceedings,1.0
personnel,1.0
test equipment,1.0
h<sup>&infin;</sup> optimisation,1.0
bipolar digital integrated circuits,1.0
superconducting filaments and wires,1.0
hydraulic systems,1.0
mpeg standards,1.0
orbits,1.0
high definition television,1.0
fresnel diffraction,1.0
spectral-domain analysis,1.0
surveillance,1.0
synchronous generators,1.0
optical materials,1.0
companies,1.0
surface impedance,1.0
national security,1.0
frame relay,1.0
gain control,1.0
butterworth filters,1.0
superconducting filters,1.0
solar powered vehicles,1.0
computer bugs,1.0
tachometers,1.0
takagi-sugeno model,1.0
modulators,1.0
change detection algorithms,1.0
hydraulic actuators,1.0
ocean waves,1.0
finishing,1.0
containers,1.0
perturbation techniques,1.0
traction,1.0
strain measurement,1.0
battery charge measurement,1.0
circuits and systems,1.0
indium phosphide,1.0
motion analysis,1.0
green's function methods,1.0
signal representations,1.0
belts,1.0
backscatter,1.0
bicycles,1.0
strain gauges,1.0
backpropagation,1.0
nonlinear dynamical systems,1.0
traction power supplies,1.0
tiles,1.0
impedance measurement,1.0
immune system,1.0
chromium alloys,1.0
classification algorithms,1.0
pneumatic systems,1.0
feature extraction,1.0
determinants,0.5
error detection,0.5
telemetry,0.5
technology planning,0.5
switching networks,0.5
group codes,0.5
clustering methods,0.5
conformance testing,0.5
radar antennas,0.3333333333333333
virtual colonoscopy,0.3333333333333333
disc drives,0.0
stators,0.0
additives,0.0
query processing,0.0
reactive power,0.0
hard disks,0.0
surface treatment,0.0
aerospace electronics,0.0
speech enhancement,0.0
observability,0.0
limiters,0.0
newton method,0.0
load modeling,0.0
strips,0.0
geometrical theory of diffraction,0.0
volterra equations,0.0
office automation,0.0
logistics,0.0
geography,0.0
legged locomotion,0.0
stripline,0.0
logic circuits,0.0
cmos integrated circuits,0.0
global communication,0.0
optical coupling,0.0
light scattering,0.0
weather forecasting,0.0
nonlinear functions,0.0
wire antennas,0.0
disk drives,0.0
africa,0.0
karhunen-loeve transforms,0.0
cathode ray tubes,0.0
fans,0.0
database management systems,0.0
predictive coding,0.0
slot antenna arrays,0.0
atmospheric techniques,0.0
tv interference,0.0
time sharing computer systems,0.0
bifurcation,0.0
content addressable storage,0.0
electronic equipment testing,0.0
morphology,0.0
automata,0.0
conformal antennas,0.0
infrared detectors,0.0
shot noise,0.0
bang-bang control,0.0
millimetre wave antennas,0.0
physical theory of diffraction,0.0
cooling,0.0
coordinate measuring machines,0.0
corrugated surfaces,0.0
model driven engineering,0.0
portable media players,0.0
connectors,0.0
uhf propagation,0.0
space vehicles,0.0
pulse amplifiers,0.0
magnetic field integral equations,0.0
magnetic fields,0.0
virtual manufacturing,0.0
magnetic recording noise,0.0
complex networks,0.0
hilbert transforms,0.0
space exploration,0.0
video tape recorders,0.0
analog computers,0.0
computer aided analysis,0.0
propellers,0.0
thermal loading,0.0
brushes,0.0
research initiatives,0.0
telecommunication links,0.0
hypercubes,0.0
multilayer perceptrons,0.0
private telephone exchanges,0.0
television broadcasting,0.0
urban planning,0.0
arithmetic codes,0.0
uncertain systems,0.0
zirconium,0.0
