cognitive radio,3638
telecommunication traffic,3370
wireless sensor networks,3272
decoding,3140
throughput,3132
quality of service,3087
fading,3032
relays,2912
mimo communication,2669
protocols,2653
mimo,2619
ofdm modulation,2515
interference,2453
wireless networks,2412
diversity reception,2255
wireless channels,2232
ad hoc networks,2159
cellular radio,2095
access protocols,2074
transmitting antennas,1999
error statistics,1979
energy consumption,1953
channel capacity,1871
performance analysis,1860
communications society,1806
radio networks,1770
rayleigh channels,1720
signal to noise ratio,1709
receiving antennas,1705
wireless lan,1659
wireless communication,1658
transmitters,1650
bandwidth,1621
base stations,1604
probability,1600
delay,1584
mobile radio,1543
broadcasting,1486
fading channels,1469
spread spectrum communication,1468
costs,1464
3g mobile communication,1436
array signal processing,1407
resource management,1400
ofdm,1364
antenna arrays,1352
analytical models,1334
wimax,1324
frequency,1319
channel coding,1296
traffic control,1289
signal processing,1284
downlink,1280
radiofrequency interference,1276
interference suppression,1264
channel estimation,1256
mobile communication,1216
land mobile radio cellular systems,1215
bit error rate,1189
scheduling,1173
computational complexity,1168
telecommunication network reliability,1168
routing protocols,1146
power control,1054
peer to peer computing,1029
internet,1024
ip networks,979
cellular networks,971
multiaccess communication,949
radio spectrum management,942
feedback,925
stochastic processes,897
resource allocation,891
network topology,891
radio transmitters,890
radio access networks,821
mobility management (mobile radio),813
physical layer,798
optimisation,792
media access protocol,784
interference constraints,783
block codes,777
chromium,771
multipath channels,767
channel state information,762
network coding,762
quadrature amplitude modulation,760
telecommunication network routing,745
degradation,733
statistical analysis,713
power system relaying,712
frequency division multiple access,710
modulation coding,706
protection,701
wireless application protocol,695
robustness,693
signal detection,684
channel allocation,680
game theory,668
space-time codes,667
switches,661
constraint optimization,657
routing,656
energy efficiency,650
radio receivers,649
automatic repeat request,620
code division multiple access,619
algorithm design and analysis,616
transceivers,616
signal design,607
iterative methods,606
closed-form solution,601
wireless mesh networks,601
error analysis,599
system performance,589
interference cancellation,588
energy management,588
iterative decoding,586
laboratories,582
telecommunication security,574
telecommunication congestion control,566
computer networks,564
markov processes,560
least mean squares methods,556
awgn,550
detectors,549
power system modeling,541
telecommunication network topology,538
parity check codes,537
broadband networks,536
monte carlo methods,533
nakagami channels,520
computer science,516
data communication,505
digital relays,495
receivers,494
upper bound,492
interference (signal),492
diversity methods,486
phase shift keying,486
mobile ad hoc networks,486
scheduling algorithm,485
frequency conversion,484
maximum likelihood detection,474
performance gain,472
maximum likelihood decoding,460
iterative algorithms,450
frequency allocation,444
ultra wideband communication,443
radio frequency,441
radio links,436
intersymbol interference,425
frequency division multiplexing,421
maximum likelihood estimation,419
frequency estimation,419
multimedia communication,416
telecommunication network management,410
testing,406
rician channels,404
multiuser channels,402
precoding,401
helium,396
communication networks,395
cooperative systems,389
matrix algebra,385
capacity planning,385
mobile computing,380
convolutional codes,379
mean square error methods,375
encoding,374
spine,366
multi-access systems,364
signal analysis,363
geometry,362
time division multiple access,357
wideband,352
multicast communication,348
statistics,345
directive antennas,345
large-scale systems,340
interleaved codes,339
time division multiplexing,335
radiofrequency identification,332
adaptive modulation,332
error probability,330
cryptography,329
monitoring,326
indoor radio,316
computational modeling,315
propagation losses,314
availability,314
antenna measurements,314
numerical simulation,311
gaussian noise,311
performance evaluation,310
correlation methods,302
cochannel interference,302
convergence,301
macrocell networks,300
frequency domain analysis,297
batteries,295
frequency synchronization,294
communication system control,294
long term evolution,293
personal area networks,290
digital video broadcasting,288
streaming media,287
collaboration,284
space time codes,284
bandwidth allocation,283
communication complexity,283
proposals,282
multiuser detection,281
polynomials,281
transport protocols,281
hardware,280
telecommunication standards,277
mobile antennas,275
communication system traffic control,273
sensor phenomena and characterization,271
internet telephony,268
telecommunication control,267
packet radio networks,266
turbo codes,265
delay effects,264
graph theory,264
linear programming,262
fcc,259
eigenvalues and eigenfunctions,259
design optimization,258
antenna feeds,257
unicast,253
electronic mail,251
timing,250
linear codes,248
queueing theory,248
forward error correction,248
next generation networking,247
telecommunication channels,246
orthogonal codes,246
optimization methods,246
radiowave propagation,245
quadrature phase shift keying,241
paper technology,241
vehicles,240
optical fiber networks,236
synchronisation,235
peak to average power ratio,234
equations,232
statistical distributions,232
broadcast channels,232
scalability,232
mesh networks,232
numerical analysis,231
control systems,230
authentication,229
ieee standards,229
antennas and propagation,229
femtocell networks,229
global positioning system,226
interchannel interference,223
data security,223
information technology,222
road vehicles,222
awgn channels,221
public key cryptography,221
probability density function,220
aggregates,220
random variables,217
communication system security,217
application software,216
measurement,215
computer simulation,215
computer architecture,213
interference channels,211
dynamic scheduling,210
gaussian distribution,210
optical fibre networks,210
multicast protocols,209
wavelength division multiplexing,209
processor scheduling,208
approximation theory,208
additive white noise,207
shadow mapping,206
performance loss,205
radiocommunication,204
delays,203
covariance matrices,201
information analysis,201
time measurement,199
message authentication,197
usa councils,197
dynamic programming,197
web and internet services,196
time-varying channels,195
uncertainty,195
decision making,194
network servers,194
error correction codes,192
gaussian channels,190
carrier sense multiple access,190
ultra wideband technology,190
optimal control,188
telecommunication computing,187
convex programming,187
frequency diversity,186
computer network management,185
adaptive control,185
hybrid electric vehicles,185
power generation economics,183
phase noise,182
filtering,182
prototypes,181
integer programming,179
equalisers,177
covariance matrix,175
random processes,173
communication switching,173
demodulation,173
load management,173
nash equilibrium,173
joining processes,170
humans,168
clustering algorithms,167
power amplifiers,166
communication standards,166
gradient methods,166
distributed computing,166
genetic algorithms,165
pricing,164
binary phase shift keying,164
redundancy,164
narrowband,163
antenna radiation patterns,163
mutual information,163
optical receivers,162
multiplexing,162
distributed algorithms,162
patient monitoring,162
phase modulation,161
bit rate,159
space technology,159
australia,159
error correction,158
frame relay,157
signal processing algorithms,157
cost function,155
silicon carbide,155
sensor fusion,155
telecommunication network planning,154
power engineering and energy,154
security,154
phase estimation,152
licenses,151
heuristic algorithms,151
white spaces,151
filters,151
sensor systems,150
information theory,150
stability,150
time-of-arrival estimation,149
noise robustness,146
mathematical model,145
road safety,145
body area networks,145
body sensor networks,145
telecommunication signalling,144
radio repeaters,143
personal communication networks,143
information security,142
databases,141
multifrequency antennas,141
delay estimation,141
information geometry,140
medical services,139
scattering,139
discrete fourier transforms,139
solid modeling,139
signal generators,138
telecommunications,137
pairwise error probability,136
space division multiplexing,136
spectral analysis,136
councils,136
cross layer design,135
antennas,135
video streaming,134
sufficient conditions,133
data mining,132
intelligent networks,132
power measurement,131
queueing analysis,131
telecommunication links,130
communications technology,129
admission control,129
satellite communication,128
microstrip antennas,128
frequency measurement,127
pulse shaping methods,127
mobile handsets,126
adaptive systems,126
power consumption,126
predictive models,125
tv,125
intelligent transportation systems,125
security of data,125
optical transmitters,124
detection algorithms,123
baseband,122
road accidents,121
traffic engineering computing,121
parameter estimation,121
least squares approximations,120
nakagami distribution,120
intelligent sensors,119
guidelines,119
circuits,119
sampling methods,119
adaptive codes,119
strontium,118
shape,118
energy conservation,118
payloads,117
peer-to-peer computing,117
communication systems,116
constellation diagram,116
state feedback,116
multiple access interference,115
wireless personal area networks,112
research and development,110
radio network,110
source coding,110
standards development,110
local area networks,110
frequency-domain analysis,109
message passing,109
radio broadcasting,109
radio control,109
kalman filters,108
intercarrier interference,108
gaussian processes,107
programmable control,107
h infinity control,107
distribution functions,107
jamming,107
rf signals,107
attenuation,107
centralized control,106
mobile radio mobility management,106
jitter,105
direction-of-arrival estimation,105
fault tolerance,105
passive optical networks,105
concatenated codes,105
land mobile radio,104
amplitude estimation,104
health care,103
communication industry,103
digital communication,103
minimax techniques,102
protective relaying,101
cities and towns,101
optical links,101
estimation error,101
modulation,100
optical communication,100
privacy,100
4g mobile communication,100
interference elimination,100
vehicle dynamics,99
target tracking,99
energy storage,98
fluctuations,98
vehicle safety,98
filtering theory,98
dsl,97
field programmable gate arrays,97
design engineering,97
disruption tolerant networking,97
government,96
space division multiple access,96
greedy algorithms,96
propagation delay,95
bluetooth,95
broadband communication,95
multimedia systems,95
equalizers,94
context,94
standardization,94
battery powered vehicles,93
data privacy,93
cryptographic protocols,93
digital filters,92
instruments,91
pulse modulation,89
urban areas,88
utility programs,87
linear antenna arrays,87
belief propagation,87
picocellular radio,86
singular value decomposition,86
frequency selective surfaces,86
indoor environments,86
radio link,85
europe,85
tv broadcasting,84
samarium,84
bridges,83
matrix decomposition,83
fingerprint recognition,82
energy measurement,82
computer vision,81
radio propagation,81
topology,81
road traffic,81
time domain analysis,80
context modeling,80
query processing,80
optimal scheduling,80
tail,79
wdm networks,79
software radio,79
system testing,79
codes,78
safety,78
time-frequency analysis,78
ubiquitous computing,78
signal sampling,78
additive noise,78
video coding,78
telecommunication power supplies,78
environmental economics,77
quantization,77
binary codes,76
telemedicine,76
sun,76
technology management,76
collision avoidance,76
communication channels,76
road transportation,75
nonlinear filters,75
biomedical monitoring,75
random codes,74
power system reliability,74
ethernet networks,74
distributed control,74
surveillance,74
computer errors,73
working environment noise,73
failure analysis,73
autocorrelation,73
metropolitan area networks,72
bayesian methods,72
dispersion,72
frequency shift keying,72
continuous phase modulation,72
floods,71
access control,71
computer network reliability,71
expectation-maximisation algorithm,71
least squares approximation,71
authorisation,71
iptv,71
phase detection,70
bidirectional control,70
position measurement,70
recursive estimation,69
gsm,69
decision feedback equalizers,69
telecommunication services,69
amplitude modulation,69
antenna theory,69
engines,69
adaptive arrays,69
phase locked loops,68
information rates,68
polarization,68
optical modulation,68
context-aware services,67
event detection,67
transient response,67
emergency services,67
middleware,66
pattern clustering,66
educational institutions,66
adjacent channel interference,66
frequency hop communication,65
directional antennas,65
code standards,65
cognition,65
multiprotocol label switching,65
diffserv networks,64
fuzzy control,64
signal resolution,64
open loop systems,64
partitioning algorithms,63
minimisation,63
search problems,62
public key,62
pareto optimisation,62
weibull fading channels,62
fast fourier transforms,62
optical switches,62
millimeter wave technology,62
cyclic redundancy check,61
multicast algorithms,61
matched filters,61
nonlinear distortion,61
mimo systems,60
design methodology,60
clocks,60
entropy,60
optical wavelength conversion,59
information science,59
navigation,59
modems,59
crosstalk,58
steady-state,58
transportation,58
memoryless systems,58
codecs,57
quadratic programming,57
utility theory,57
biomedical communication,57
automotive engineering,57
supercapacitors,57
informatics,57
secure storage,56
robust control,56
systems engineering and theory,56
electrocardiography,56
video sharing,56
duality (mathematics),56
coherence,56
acoustic sensors,56
femtocells,56
state estimation,55
dc-dc power convertors,55
web server,55
personal digital assistants,55
feeds,55
intrusion detection,55
broadcast technology,55
poisson distribution,54
convolution,54
broadband antennas,54
elliptic curve cryptography,54
computer crime,54
time sharing computer systems,54
stochastic resonance,54
log normal distribution,53
real time systems,53
symmetric matrices,53
closed loop systems,53
rfid tags,53
fuzzy logic,53
optical attenuators,53
maintenance,53
satellite broadcasting,53
packet switching,52
mathematical analysis,52
lattices,52
multicarrier code division multiple access,52
virtual private networks,52
gain,52
radio direction-finding,51
digital modulation,51
graph colouring,51
vectors,51
data engineering,51
optical fiber communication,51
history,51
temperature sensors,51
noise level,50
image processing,50
artificial satellites,49
voting,49
turning,49
ray tracing,49
jacobian matrices,49
repeaters,49
video compression,49
power generation,49
counting circuits,48
cmos technology,48
sleep,48
tcpip,48
distortion,48
cameras,48
signal reconstruction,48
current measurement,48
doppler shift,48
domain name system,48
area measurement,48
decision feedback equalisers,47
probability distribution,47
learning (artificial intelligence),47
probes,47
chaotic communication,47
galois fields,47
computer network performance evaluation,47
velocity control,47
niobium,47
hidden markov models,46
autoregressive processes,46
atmospheric modeling,46
collaborative work,46
quantisation (signal),46
emulation,46
global warming,46
pi control,46
interpolation,46
biosensors,46
linux,46
sensor arrays,46
spatiotemporal phenomena,46
antenna accessories,46
system recovery,45
stochastic systems,45
adaptive scheduling,45
cmos integrated circuits,45
weibull distribution,45
condition monitoring,45
temperature,45
extraterrestrial measurements,45
signalling protocols,44
rake receivers,44
digital signatures,44
communication system traffic,44
process design,44
wavelength assignment,44
adaptive algorithm,44
ultra wideband antennas,44
signal mapping,44
optical network units,44
telecommunication switching,44
computerized monitoring,44
frequency division multiaccess,43
millimetre wave antennas,43
wearable sensors,43
network interfaces,43
synchronization,43
trees (mathematics),43
frequency modulation,43
internetworking,43
noise reduction,43
computational efficiency,43
electromagnetic wave propagation,43
vehicle driving,42
contracts,42
approximation algorithms,42
information systems,42
rayleigh scattering,42
oscillators,42
automobiles,41
roads,41
measurement errors,41
wide area networks,41
integer linear programming,41
phased arrays,41
millimeter wave communication,41
band pass filters,41
job shop scheduling,41
delay systems,41
estimation theory,41
particle swarm optimisation,41
led lamps,41
velocity measurement,41
character generation,41
matrix inversion,41
optical noise,40
atmospheric turbulence,40
time varying systems,40
time frequency analysis,40
optical packet switching,40
reed-solomon codes,40
fuel cell vehicles,40
physics,40
partial transmit sequences,40
power aware computing,40
transfer functions,40
underwater vehicles,39
automotive electronics,39
support vector machines,39
radio communication,39
object detection,39
fault diagnosis,39
reliability,39
power system management,39
tin,39
underwater acoustic communication,39
calibration,39
videoconference,39
image sensors,39
polynomial approximation,39
speech analysis,39
parallel processing,38
cache storage,38
law,38
delay lines,38
logistics,38
exponential distribution,38
round robin,38
regression analysis,38
concave programming,38
resilience,38
slot antennas,37
underwater acoustics,37
higher order statistics,37
buildings,37
feature extraction,37
trellis coded modulation,37
educational programs,37
microprogramming,37
power engineering computing,36
least squares methods,36
microwave antennas,36
nist,36
fingers,36
optical fibre lan,36
application specific integrated circuits,36
pollution,36
incentive schemes,36
gases,36
data compression,36
indoor communication,36
filling,36
euclidean distance,36
web services,36
particle swarm optimization,36
loss measurement,36
frequency-selective fading channels,35
air traffic control,35
information retrieval,35
electromagnetic scattering,35
mobile satellite communication,35
robots,35
conferences,35
portable computers,35
electromagnetic wave scattering,35
buffer storage,35
decision theory,35
bipartite graph,35
particle measurements,35
optical refraction,35
runtime,35
discrete event simulation,35
manufacturing,34
mathematics,34
rate-distortion,34
educational technology,34
computational fluid dynamics,34
biomedical optical imaging,34
communication equipment,34
digital subscriber lines,34
cascading style sheets,34
technological innovation,34
lagrangian functions,34
embedded system,33
poles and towers,33
satellites,33
optical variables control,33
microstrip antenna arrays,33
digital multimedia broadcasting,33
cyclic codes,33
bayes methods,33
linear approximation,33
analysis of variance,33
home automation,33
speech codecs,33
aircraft communication,33
wavelength routing,33
time of arrival estimation,33
nonhomogeneous media,33
optical scattering,32
identity-based encryption,32
combinatorial mathematics,32
call admission control,32
combined source-channel coding,32
pulse amplitude modulation,32
frequency synthesizers,32
optical sensors,32
linear code,32
airports,32
software architecture,32
finite impulse response filter,32
battery chargers,32
capacitive sensors,32
senior citizens,32
gaussian approximation,31
noise measurement,31
dipole antennas,31
light emitting diodes,31
meteorological radar,31
art,31
computer science education,31
code division multiplexing,31
telephone sets,31
filter bank,31
blind source separation,31
optical filters,31
system analysis and design,31
hospitals,31
power transmission,31
automated highways,31
optimization,31
harmonic analysis,30
service oriented architecture,30
cultural differences,30
radio reception,30
optical buffering,30
acceleration,30
nonlinear control systems,30
principal component analysis,30
national electric code,30
power distribution,30
diffraction,30
sparse matrices,30
digital signal processing chips,30
nonlinear programming,29
authorization,29
constraint theory,29
text categorization,29
lakes,29
computer security,29
time-domain analysis,29
piecewise linear techniques,29
traction,29
tree searching,29
radiofrequency integrated circuits,29
distance measurement,29
cellular phones,29
fuel economy,29
impurities,29
social networking (online),29
grid computing,29
optical design,29
noise cancellation,29
profitability,29
computer numerical control,29
optical crosstalk,28
electromagnetic wave polarisation,28
cost reduction,28
direct broadcasting by satellite,28
power system protection,28
mobile agents,28
tracking,28
tellurium,28
adaptive signal processing,28
time to market,28
epon,28
iir filters,28
microwave technology,28
millimetre wave antenna arrays,28
radionavigation,28
smoothing methods,28
fuzzy systems,28
viterbi decoding,28
adaptive equalisers,28
radio tracking,28
high speed optical techniques,27
integrated circuit noise,27
high power amplifiers,27
advertising,27
biological system modeling,27
content based retrieval,27
millimeter wave measurements,27
fault currents,27
automation,27
multibeam antennas,27
millimetre wave propagation,27
optical fiber devices,27
tunneling,27
neural networks,27
voltage control,27
environmental management,27
gamma distribution,27
telecommunication equipment,27
ac-dc power convertors,27
dynamic voltage scaling,27
pressure measurement,27
geometric programming,27
storms,27
gain measurement,26
australia council,26
biomedical telemetry,26
hdtv,26
electric vehicles,26
stability analysis,26
frequency response,26
sensors,26
satellite navigation systems,26
satellite navigation,26
linear systems,26
anechoic chambers,26
inertial navigation,26
micromechanical devices,26
partial response channels,26
digital tv,26
quantum computing,26
optical imaging,26
impedance,26
user interfaces,26
quality management,26
power system economics,26
automatic control,26
file servers,26
social network services,26
disaster management,25
digital signal processing,25
binary sequences,25
central office,25
azimuth,25
remotely operated vehicles,25
video communication,25
pervasive computing,25
clouds,25
engineering management,25
decorrelation,25
roaming,25
consumer electronics,25
mobile robots,25
synchronous digital hierarchy,25
arrayed waveguide gratings,25
video on demand,24
transponders,24
sea measurements,24
finite difference methods,24
stimulated emission,24
fires,24
optical burst switching,24
nonlinear equations,24
production,24
learning automata,24
electronic messaging,24
programming,24
correlators,24
fourier transforms,24
tracking loops,24
wavelet transforms,24
algebraic codes,24
differential phase shift keying,24
software performance,24
network address translation,23
regulators,23
concrete,23
lyapunov methods,23
covariance analysis,23
pollution control,23
power transmission (mechanical),23
electric variables measurement,23
national security,23
safety devices,23
wheels,23
optical computing,23
prediction algorithms,23
state-space methods,23
investments,23
leaky wave antennas,23
time factors,23
snow,23
analog-digital conversion,23
wiener filter,23
signal denoising,23
mutual coupling,22
industrial control,22
particle filtering (numerical methods),22
magnetic heads,22
length measurement,22
measurement standards,22
medical treatment,22
electric propulsion,22
distributed sensors,22
backscatter,22
pulse position modulation,22
radiofrequency amplifiers,22
belief networks,22
radar signal processing,22
vehicle detection,21
newton method,21
driver information systems,21
computerised monitoring,21
stress,21
electromagnetic interference,21
optical propagation,21
mathematics computing,21
legal factors,21
variable length codes,21
vehicle crash testing,21
maximum likelihood sequence estimation,21
learning systems,21
senior members,21
open source software,21
resumes,21
media streaming,21
sociotechnical systems,21
knowledge engineering,21
trellis codes,21
arithmetic,21
particle filters,21
pattern classification,21
information dissemination,21
calculus,20
multidimensional systems,20
zigbee,20
context awareness,20
fuzzy set theory,20
energy resources,20
radar,20
noise generators,20
home appliances,20
search engines,20
medical information systems,20
pipelines,20
cotton,20
real-time systems,20
diseases,20
data acquisition,20
high performance computing,20
employment,20
telematics,20
ultra wideband radar,20
multiagent systems,20
hysteresis,20
maximum entropy methods,20
reliability engineering,20
legged locomotion,20
software tools,20
intelligent systems,20
moon,20
patient care,20
learning,19
rain,19
tyres,19
signal synthesis,19
optical arrays,19
configuration management,19
unmanned aerial vehicles,19
electromagnetic propagation,19
analogue-digital conversion,19
adaptive filters,19
set theory,19
software packages,19
passive rfid tags,19
us department of transportation,19
hydrogen,19
hamming codes,19
explosives,19
couplings,19
error detection,19
pattern analysis,19
fabrics,19
phase measurement,19
surges,19
public domain software,19
reflection,19
cmos process,19
distortion measurement,19
network theory (graphs),18
viterbi algorithm,18
linear matrix inequalities,18
open systems,18
dynamic range,18
robot kinematics,18
network-on-a-chip,18
aging,18
earthquakes,18
standards publication,18
lamps,18
mathematical programming,18
radar detection,18
remote monitoring,18
energy management systems,18
video signal processing,18
imaging phantoms,18
system-on-a-chip,18
assembly,18
communication system software,18
low-power electronics,18
biomedical imaging,18
dispersive channels,18
digital radio,18
knowledge management,18
resource virtualization,18
chaos,18
marine communication,18
lead acid batteries,18
military communication,18
atmosphere,18
propulsion,17
usability,17
power supplies,17
smart phones,17
risk analysis,17
software prototyping,17
student members,17
spraying,17
time-varying systems,17
digital television,17
costing,17
radar antennas,17
transient analysis,17
negative feedback,17
doped fiber amplifiers,17
aircraft,17
solid state lighting,17
containers,17
doppler effect,17
space stations,17
microcontrollers,17
optical fibers,17
sequences,17
aerospace industry,17
copper,17
packaging,17
concurrent computing,17
machine learning,17
telephony,17
floors,17
battery management systems,17
reliability theory,17
computer worms,17
intelligent vehicles,16
integral equations,16
medical diagnostic computing,16
multi-agent systems,16
fault detection,16
fingerprint identification,16
dc generators,16
size measurement,16
packet reservation multiple access,16
fir filters,16
minimization methods,16
computational geometry,16
medical signal processing,16
cardiology,16
time difference of arrival,16
ieee news,16
carbon capture and storage,16
integrated voice/data communication,16
invasive software,16
intserv networks,16
mechanical factors,16
voltage,16
optical control,16
textiles,16
watermarking,16
adaptive equalizers,16
information management,16
amplitude shift keying,16
software testing,16
energy harvesting,15
low earth orbit satellites,15
robot sensing systems,15
physics computing,15
biometrics,15
yield estimation,15
marine vehicles,15
railway communication,15
software systems,15
vector quantization,15
linearisation techniques,15
sensor placement,15
cost accounting,15
stacking,15
accidents,15
cyclic redundancy check codes,15
wavelength measurement,15
virtual machining,15
random sequences,15
resonance light scattering,15
software algorithms,15
microelectronics,15
financial advantage program,15
enterprise resource planning,15
mobile tv,15
medical computing,15
null space,15
position control,15
image coding,15
rats,15
product codes,15
subscriber loops,15
predictive control,15
histograms,15
distributed processing,15
railway safety,14
millimetre wave devices,14
mpeg 4 standard,14
synchronous machines,14
support vector machine classification,14
tires,14
ambient intelligence,14
pulse generation,14
pulse measurements,14
africa,14
feedback loop,14
background noise,14
libraries,14
laser fusion,14
shift registers,14
memory,14
fuel cells,14
satellite links,14
power demand,14
adaptive signal detection,14
software engineering,14
object recognition,14
observers,14
adaptive antenna arrays,14
power system planning,14
optical fiber filters,14
evolutionary computation,14
image recognition,14
terminology,14
portable media players,14
electrochemical impedance spectroscopy,14
optical scanners,14
sonet,14
television broadcasting,14
markov random fields,14
impedance matching,14
application program interfaces,14
displays,14
integrated circuit technology,14
wiener filters,14
integrated circuit design,14
pattern matching,14
permanent magnet machines,14
medical diagnostic imaging,14
java,14
erbium,14
psnr,14
noise,14
ieee members,14
noise figure,14
aerospace electronics,13
differential quadrature phase shift keying,13
optical devices,13
variable speed drives,13
output feedback,13
direction of arrival estimation,13
piecewise linear approximation,13
vector quantisation,13
band-pass filters,13
neural nets,13
data analysis,13
labeling,13
oral communication,13
logic design,13
flow control,13
internal combustion engines,13
discrete cosine transforms,13
microscopy,13
board of directors,13
air safety,13
secondary cells,13
electroencephalography,13
microphones,13
geriatrics,13
pollution measurement,13
petri nets,13
computer buffers,13
blind equalizers,13
system identification,13
integrated circuit modeling,13
yarn,13
fuzzy reasoning,13
sliding mode control,13
adaptive optics,13
switching circuits,13
compression algorithms,13
limiters,13
land vehicles,13
gain control,13
mesh generation,13
laser sintering,13
plugs,12
finite difference time-domain analysis,12
space communication links,12
alarm systems,12
patch antennas,12
identity management systems,12
photoconductivity,12
channel spacing,12
consumer products,12
tree data structures,12
particle tracking,12
microwave generation,12
technology planning,12
cardiovascular system,12
pareto analysis,12
prosthetics,12
medical simulation,12
microprocessor chips,12
white noise,12
nonlinear optics,12
air pollution control,12
convergence of numerical methods,12
programmable logic arrays,12
thermal noise,12
method of moments,12
load flow analysis,12
operating systems,12
circuit simulation,12
bragg gratings,12
silicon,12
content management,12
digital signals,12
blind equalisers,12
resists,12
printed circuits,12
loaded antennas,12
environmental factors,12
medical image processing,12
laser radar,12
associate members,12
games,12
magnetic recording,12
optical frequency conversion,12
coding errors,12
microcellular radio,12
software standards,12
q measurement,12
computer hacking,12
uhf radio propagation,12
image resolution,12
electromagnetic waveguides,12
terrain mapping,12
table lookup,12
ground penetrating radar,11
compressed sensing,11
telecommunication networks,11
token networks,11
risk management,11
microeconomics,11
design for disassembly,11
linearity,11
semiconductor optical amplifiers,11
microwave antenna arrays,11
beam steering,11
mechanical variables measurement,11
temperature dependence,11
median filters,11
middleboxes,11
sum product algorithm,11
optical fibre subscriber loops,11
web pages,11
field effect mimic,11
image sequences,11
ultrasonic imaging,11
cad,11
collision mitigation,11
asymptotic stability,11
atmospheric measurements,11
business,11
radiotelephony,11
boundary conditions,11
subscriptions,11
optical communication equipment,11
energy resolution,11
image communication,11
control system analysis,11
irrigation,11
frequency control,11
ultrafast electronics,11
colored noise,11
channel bank filters,11
independent component analysis,11
military computing,11
reflector antennas,11
biological cells,11
millimeter wave propagation,11
sequential analysis,11
phase frequency detector,11
light sources,11
biomedical engineering,11
operations research,11
economics,11
biomedical ultrasonics,11
two dimensional displays,11
steering systems,10
demand assigned multiple access,10
computer games,10
information filters,10
information filtering,10
prediction methods,10
computer graphics,10
invoicing,10
electric current measurement,10
subcarrier multiplexing,10
pareto distribution,10
decision support systems,10
hafnium,10
road vehicle radar,10
battery charge measurement,10
actuators,10
active rfid tags,10
bch codes,10
strips,10
polarisation,10
optical mixing,10
electromagnetic modeling,10
impulse noise,10
optical pulses,10
paging strategies,10
low pass filters,10
solitons,10
electronic commerce,10
algebra,10
chromosome mapping,10
bismuth,10
local oscillators,10
muscle,10
underwater communication,10
radar applications,10
load modeling,10
content-based retrieval,10
meteorology,10
radio stations,10
computer crashes,10
content addressable storage,10
rails,10
random number generation,10
differential detection,10
tomography,10
high-speed networks,10
high definition video,10
muscles,10
ageing,10
iron,10
face detection,10
energy states,10
nonvolatile memory,10
demodulators,10
automotive components,10
smart cards,10
large scale integration,10
quality assurance,10
casting,10
graphics,9
integrated circuit interconnections,9
invertors,9
image motion analysis,9
induction motors,9
data processing,9
data structures,9
hip,9
sensor systems and applications,9
ionosphere,9
soil properties,9
hoses,9
intelligent control,9
image reconstruction,9
signal restoration,9
cranes,9
image analysis,9
automatic testing,9
hamming distance,9
ionospheric electromagnetic wave propagation,9
group theory,9
self-organising feature maps,9
soil,9
self-organizing networks,9
health and safety,9
splines (mathematics),9
radar measurements,9
merging,9
rapid transit systems,9
finishing,9
mirrors,9
power system security,9
water,9
biomedical computing,9
chirp modulation,9
force feedback,9
tree graphs,9
optical distortion,9
trajectory,9
microsensors,9
character recognition,9
fresnel reflection,9
computer aided software engineering,9
rail transportation,9
diode lasers,9
moore's law,9
digital simulation,9
error detection codes,9
videos,9
proportional control,9
pseudonoise codes,9
neodymium,9
process planning,9
virtual reality,9
motion control,9
boats,9
q factor,9
coils,9
underground communication,9
commerce,9
radiofrequency measurement,9
wires,9
fog,9
electromagnetic induction,9
electromagnetic coupling,9
goods distribution,9
rocks,9
roentgenium,9
animals,9
path planning,9
acoustic measurements,9
optical losses,9
electric sensing devices,9
antenna phased arrays,9
radial basis function networks,8
phase shifters,8
photography,8
waste materials,8
digital-analogue conversion,8
cellular arrays,8
genetic engineering,8
ear,8
electromagnetic radiation,8
mobile television,8
temperature distribution,8
feedforward systems,8
computer communications software,8
multimodal sensors,8
read only memory,8
aperture antennas,8
cmos image sensors,8
entropy coding,8
nonlinear estimation,8
scientific computing,8
space missions,8
pattern recognition,8
pulse amplifiers,8
cells (electric),8
laser tuning,8
lattice networks,8
simulated annealing,8
central processing unit,8
digital audio broadcasting,8
curve fitting,8
mixed analogue-digital integrated circuits,8
carbon dioxide,8
inspection,8
millimetre wave receivers,8
all-optical networks,8
spatial resolution,8
spline,8
water resources,8
data systems,8
importance sampling,8
meter reading,8
automatic speech recognition,8
training data,8
wavelet packets,8
phase detectors,8
sequential codes,8
resonant frequency,8
flexible manufacturing systems,8
watches,8
series (mathematics),8
optical beams,8
delta modulation,8
active antennas,7
virtual prototyping,7
coplanar waveguides,7
solid modelling,7
procurement,7
coordinate measuring machines,7
socio-economic effects,7
optical interferometry,7
visual communication,7
potential well,7
storage area networks,7
nominations and elections,7
wavelet analysis,7
electric drives,7
optical feedback,7
out of order,7
broadcast antennas,7
diodes,7
optical signal processing,7
interactive television,7
boosting,7
optical waveguides,7
adaptive decoding,7
solids,7
echo suppression,7
echo cancellers,7
implants,7
intelligent agent,7
chebyshev approximation,7
edge detection,7
software libraries,7
intensity modulation,7
program testing,7
scada systems,7
added delay,7
mechanical sensors,7
data reduction,7
industrial relations,7
binary decision diagrams,7
reluctance generators,7
heart beat,7
approximation methods,7
liquid crystal displays,7
hazards,7
message service,7
density functional theory,7
conductivity,7
demultiplexing,7
matrix converters,7
fluorescence,7
loop antennas,7
groupware,7
robust stability,7
materials testing,7
ant colony optimization,7
taylor series,7
computer network security,7
computers,7
gravity,7
machinery,7
gold,7
management information systems,7
vibration control,7
detector circuits,7
rectifiers,7
data encapsulation,7
very large scale integration,7
continuous improvement,7
small-to-medium enterprises,7
ice,7
cardiac arrest,7
slabs,7
publishing,7
explosions,7
telecommunication traffic recording,7
pulse circuits,7
user-generated content,7
multivariable systems,7
digital control,7
collaborative software,7
astrophysics,7
railway engineering,7
radiofrequency filters,7
light propagation,7
fixtures,7
minimum entropy methods,7
accuracy,7
air pollution,7
pixel,7
motion pictures,7
radio navigation,7
stochastic programming,7
absorption,6
youtube,6
accelerometers,6
coupled mode analysis,6
infinite horizon,6
writing,6
wire,6
hybrid power systems,6
educational products,6
density measurement,6
artificial neural networks,6
switching convertors,6
amplification,6
database management systems,6
town and country planning,6
timing jitter,6
fuzzy cognitive maps,6
holography,6
anechoic chambers (electromagnetic),6
target recognition,6
delamination,6
geometric codes,6
telemetry,6
global communication,6
dielectric substrates,6
differential equations,6
wearable computers,6
water pollution,6
discrete transforms,6
electro-optical modulation,6
acoustic transducer arrays,6
waveform analysis,6
electron optics,6
directed graphs,6
electrooptic modulators,6
fiber gratings,6
encapsulation,6
energy capture,6
visualization,6
cw radar,6
expert systems,6
ultrafast optics,6
cathode ray tubes,6
software design,6
1f noise,6
page description languages,6
clutter,6
logic,6
kernel,6
optical fibres,6
software development management,6
relaxation theory,6
network analysers,6
computerised navigation,6
laminates,6
randomised algorithms,6
random-access storage,6
machine learning algorithms,6
parallel architectures,6
sorting,6
modeling,6
private key cryptography,6
notebook computers,6
recommender systems,6
optical fiber losses,6
back,6
connectors,6
clustering methods,6
sensitivity analysis,6
linear discriminant analysis,6
optical repeaters,6
project management,6
regenerative braking,6
mie scattering,6
optical pulse generation,6
rectennas,6
mimic,6
brightness,6
planar antennas,6
simultaneous localization and mapping,6
size control,6
polynomial matrices,6
charge carrier processes,6
intermodulation distortion,6
satellite antennas,6
multicore processing,6
pressing,6
integrated circuit measurements,6
cognitive systems,6
master-slave,6
quantum cascade lasers,6
robotics and automation,6
passive filters,6
circuit topology,6
computer displays,6
oceans,6
computer industry,6
infrared sensors,6
circuit testing,6
quantum cryptography,6
rhythm,6
speech,6
carrier transmission on power lines,6
phase change materials,6
particle scattering,6
millimeter wave radar,6
research and development management,6
radar resolution,6
correlation theory,6
optical fiber lan,5
acoustic signal detection,5
torque,5
chemical sensors,5
process control,5
videotelephony,5
power factor correction,5
power capacitors,5
reluctance motor drives,5
forward contracts,5
voice communication,5
telecommunication industry,5
linear feedback shift registers,5
measurement uncertainty,5
analog integrated circuits,5
linear algebra,5
friction,5
discrete time systems,5
optical saturation,5
computer aided manufacturing,5
high altitude stratospheric platforms,5
high definition television,5
light rail systems,5
scattering parameters,5
television,5
resource description framework,5
np-hard problem,5
gray codes,5
power cables,5
amplifiers,5
taxonomy,5
circuit complexity,5
dictionaries,5
seismology,5
postal services,5
fuses,5
microwave imaging,5
hadamard codes,5
gratings,5
decentralised control,5
telephone traffic,5
microwave photonics,5
np-complete problem,5
numerical models,5
predistortion,5
graphical user interfaces,5
handicapped aids,5
time division synchronous code division multiple access,5
frequency dependence,5
civil engineering,5
gallium arsenide,5
video sequences,5
nearest neighbor searches,5
communication cables,5
biometrics (access control),5
cooperative caching,5
uhf antennas,5
filtering algorithms,5
parallel programming,5
image sampling,5
solar energy,5
finite element analysis,5
photodiodes,5
controller area networks,5
control nonlinearities,5
photonics,5
iso standards,5
books,5
variable structure systems,5
phase distortion,5
integrated optics,5
space vehicles,5
coupling circuits,5
spectral shape,5
spectral analysers,5
uniform resource locators,5
unsolicited e-mail,5
permittivity,5
passive networks,5
stability criteria,5
rabbits,5
multiple signal classification,5
permittivity measurement,5
doppler radar,5
feedback control,5
personnel,5
aggregation,5
driver circuits,5
autoregressive moving average processes,5
rate distortion theory,5
shape measurement,5
firmware,5
simple object access protocol,5
vibrations,5
reconnaissance,5
dielectric materials,5
hopfield neural nets,5
fluid flow measurement,5
hopfield neural networks,5
supply chain management,5
life estimation,5
acoustic noise,5
millimetre wave phase shifters,5
minimum shift keying,5
signal processing society,5
signal classification,5
data models,5
smart homes,5
data communication equipment,5
forgery,4
resonance,4
determinants,4
ultrasonic variables measurement,4
member and geographic activities board committees,4
complex networks,4
demultiplexing equipment,4
nyquist criterion,4
medical signal detection,4
flywheels,4
gait analysis,4
add-drop multiplexers,4
predictive coding,4
forensics,4
blogs,4
mechanical engineering computing,4
brain modeling,4
function approximation,4
face,4
ferrites,4
torque control,4
finite state machines,4
neural net architecture,4
differential amplifiers,4
microwave devices,4
traction power supplies,4
transcoding,4
vertical cavity surface emitting lasers,4
force sensors,4
vhf radio propagation,4
diesel-electric generators,4
biomedical equipment,4
dielectrics,4
radio equipment,4
client-server systems,4
airplanes,4
remote sensing,4
nasa,4
speech coding,4
pulse generators,4
tree codes,4
user centered design,4
tuning,4
face recognition,4
reproducibility of results,4
equivalent circuits,4
optical fibre communication,4
office automation,4
list processing,4
submillimetre wave propagation,4
certification,4
keyword search,4
knowledge based systems,4
iec standards,4
asynchronous transfer mode,4
lan interconnection,4
hydrogen economy,4
silicon compounds,4
planar inverted-f antennas,4
weather forecasting,4
surface acoustic waves,4
shape control,4
surface emitting lasers,4
surface treatment,4
contacts,4
electrical equipment industry,4
optical signal detection,4
hermitian matrices,4
seminars,4
linear regression,4
economic indicators,4
image generation,4
automatic voltage control,4
wind speed,4
information processing,4
infrared detectors,4
distributed feedback devices,4
permission,4
industrial training,4
spaceborne radar,4
integrated circuit manufacture,4
drives,4
indium phosphide,4
statistical testing,4
intermodulation,4
corona,4
pareto optimization,4
intelligent robots,4
parameter extraction,4
space exploration,4
crawlers,4
image storage,4
storage management,4
earth,4
linearization techniques,4
surface electromagnetic waves,4
universal serial bus,4
embedded computing,4
systems engineering education,4
circuit synthesis,4
losses,4
prediction theory,4
behavioural sciences computing,4
search radar,4
genetic expression,4
low-pass filters,4
search methods,4
magnetic sensors,4
mars,4
electrostatic precipitators,4
goniometers,4
blood pressure,4
optical fiber testing,4
power line communications,4
teleconferencing,4
annealing,4
logic testing,4
direct-sequence code-division multiple access,4
office environment,4
lithium,4
electromagnetic launchers,4
hamming weight,4
handheld computers,4
locomotives,4
text recognition,4
terrestrial atmosphere,4
computer interfaces,4
load flow control,4
robot control,4
bandlimited communication,4
bonding,3
xml,3
energy loss,3
optical add-drop multiplexers,3
user modelling,3
online front-ends,3
circuit switching,3
perturbation techniques,3
doping,3
cellular neural networks,3
quality assessment,3
aerospace simulation,3
pulse width modulation,3
aerospace safety,3
cognitive robotics,3
dvd,3
bonding processes,3
observability,3
cellular neural nets,3
pulse shaping circuits,3
nonlinear dynamical systems,3
optical detectors,3
engineering profession,3
weapons,3
program verification,3
volcanoes,3
electromagnetic measurements,3
optical waveguide theory,3
polarimetry,3
electromagnetic compatibility,3
c++ language,3
video surveillance,3
electromagnetic fields,3
acoustic propagation,3
cable shielding,3
electromagnetic diffraction,3
product design,3
capacitors,3
discrete wavelet transforms,3
paging communication,3
pipeline processing,3
displacement measurement,3
nuclear magnetic resonance,3
virtual colonoscopy,3
business communication,3
neurons,3
orthotics,3
disasters,3
planar arrays,3
optimized production technology,3
web sites,3
web search,3
elasticity,3
planar antenna arrays,3
boolean algebra,3
neurocontrollers,3
information services,3
quaternions,3
approximation error,3
scholarships,3
lyapunov method,3
seismic measurements,3
system-on-chip,3
log-normal distribution,3
haptic interfaces,3
semiconductor lasers,3
linear predictive coding,3
bellows,3
height measurement,3
hf antennas,3
line-of-sight propagation,3
lighting control,3
constitution,3
surgery,3
sequential estimation,3
maintenance engineering,3
man-machine systems,3
satellite ground stations,3
golay codes,3
computer languages,3
delay lock loops,3
mashups,3
television receivers,3
markup languages,3
geography,3
marketing and sales,3
marine technology,3
geometrical optics,3
digital cameras,3
rubber products,3
geoscience,3
s-parameters,3
satellite constellations,3
management training,3
holographic optical components,3
home computing,3
data envelopment analysis,3
steam turbines,3
statistical multiplexing,3
statistical learning,3
static var compensators,3
indoor radio communication,3
inductors,3
audio streaming,3
integrated circuit bonding,3
standards organizations,3
audio-visual systems,3
spatial databases,3
special issues and sections,3
injuries,3
sprites (computer),3
automata,3
splicing,3
space-time adaptive processing,3
integrated circuits,3
lead bonding,3
attenuation measurement,3
humidity,3
laplace equations,3
hypercubes,3
identification,3
l-band,3
knee,3
sockets,3
image matching,3
automotive applications,3
structural engineering,3
automatic test pattern generation,3
solid state circuits,3
automatic frequency control,3
intelligent structures,3
space vector pulse width modulation,3
gas insulated transmission lines,3
fractals,3
belts,3
microwave theory and techniques,3
differential geometry,3
tungsten,3
transmission line measurements,3
mosfet,3
aircraft manufacture,3
rail to rail outputs,3
fracture toughness,3
fracture,3
railways,3
travel industry,3
mmics,3
air traffic,3
bioinformatics,3
diabetes,3
reactive power,3
fm radar,3
tunnel diodes,3
communication system operations and management,3
finite element methods,3
dielectric loss measurement,3
troposphere,3
dielectric measurements,3
difference equations,3
transmission line matrix methods,3
motor drives,3
blanking,3
radio transceivers,3
bending strength,3
multimedia computing,3
uncertain systems,3
thumb,3
mechanical systems,3
digital arithmetic,3
multilevel systems,3
medical diagnosis,3
fiber nonlinear optics,3
bibliographies,3
fixed point arithmetic,3
design automation,3
computer aided instruction,3
binary trees,3
fibre lasers,3
compensation,3
time series,3
registers,3
computer applications,3
digital phase locked loops,2
acoustic devices,2
biomedical transducers,2
atherosclerosis,2
cmos analog integrated circuits,2
control engineering computing,2
ceramics,2
customer satisfaction,2
current transformers,2
cardiovascular diseases,2
automata theory,2
differential pulse code modulation,2
bone,2
counterfeiting,2
carpets,2
command and control systems,2
digital images,2
acoustic applications,2
cmos analogue integrated circuits,2
commercialization,2
containerisation,2
damping,2
dielectric resonator antennas,2
application virtualization,2
business continuity,2
classification algorithms,2
apertures,2
companies,2
computational intelligence society,2
chip scale packaging,2
digital storage,2
density estimation robust algorithm,2
burst noise,2
bessel functions,2
building materials,2
buffer overflow,2
adaptive estimation,2
digital systems,2
analog circuits,2
belief maintenance,2
business data processing,2
broadband amplifiers,2
bandlimited signals,2
capacitor switching,2
continuing education,2
dispersion (wave),2
dispatching,2
avionics,2
boolean functions,2
biomechanics,2
demagnetisation,2
dielectric constant,2
appropriate technology,2
biological neural networks,2
brain computer interfaces,2
brain-computer interfaces,2
biochemistry,2
discrete time filters,2
database systems,2
conductors,2
chirp,2
magnetic anisotropy,2
operating systems (computers),2
health information management,2
green's function methods,2
ground support systems,2
low-noise amplifiers,2
haar transforms,2
software performance evaluation,2
partial response signaling,2
hardware description languages,2
low noise amplifiers,2
hardware design languages,2
percolation,2
sonar,2
log periodic antennas,2
silver,2
performance index,2
signalling,2
signal representations,2
peripheral interfaces,2
sequential decoding,2
semiconductor device noise,2
semiconductor device measurement,2
graphical models,2
machine assisted indexing,2
perturbation methods,2
manufacturing automation,2
optical fiber amplifiers,2
surfaces,2
fuels,2
market research,2
supply chains,2
fusion power generation,2
fuzzy neural networks,2
supply and demand,2
production engineering computing,2
gallium compounds,2
machine control,2
gas detectors,2
string matching,2
management of change,2
gears,2
organizing,2
genetic mutations,2
oscillations,2
machine intelligence,2
spatial filters,2
permeability,2
self-adjusting systems,2
maximum a posteriori estimation,2
innovation management,2
radiometers,2
layout,2
radioastronomy,2
industrial economics,2
polymers,2
large screen displays,2
inference mechanisms,2
information resources,2
lab-on-a-chip,2
radar cross-sections,2
polarization mode dispersion,2
radar cross section,2
integrated circuit modelling,2
radar clutter,2
query formulation,2
portals,2
potential energy,2
isothermal processes,2
private telephone exchanges,2
production systems,2
impedance measurement,2
random noise,2
petroleum,2
iii-v semiconductors,2
sea surface,2
html,2
safety systems,2
human factors,2
humanities,2
rotation measurement,2
rockets,2
limit-cycles,2
rivers,2
image databases,2
raw materials,2
lifting equipment,2
lifetime estimation,2
image enhancement,2
image quality,2
platform virtualization,2
leg,2
reflective binary codes,2
image segmentation,2
reconfigurable architectures,2
switching frequency,2
supervised learning,2
electromagnetic wave interference,2
tunnels,2
neutron spin echo,2
transmission lines,2
ethics,2
transforms,2
eyes,2
wave functions,2
microwave communication,2
multiplexing equipment,2
microswitches,2
electricity supply industry,2
educational computing,2
electromagnetic wave reflection,2
traffic information systems,2
toeplitz matrices,2
waveguides,2
neuroscience,2
entropy codes,2
throughput costing,2
energy dissipation,2
millimeter wave circuits,2
vibration measurement,2
urban pollution,2
nanophotonics,2
voltage transformers,2
voltage-controlled oscillators,2
unsolicited electronic mail,2
ellipsoids,2
unified modeling language,2
symbol manipulation,2
ultrasonic transducers,2
volume measurement,2
uhf measurements,2
multiport networks,2
network synthesis,2
ecosystems,2
microcell networks,2
telecontrol,2
multilayer perceptrons,2
millimetre wave measurement,2
telecommunication transmission lines,2
telecommunication terminals,2
flowcharts,2
electromagnetic spectrum,2
operating system kernels,2
wiring,2
operational amplifiers,2
system-in-package,2
electromagnetic wave diffraction,2
multiresolution analysis,2
motion detection,2
synthetic aperture sonar,2
measurement units,2
multi-layer neural network,2
motion analysis,2
electric motors,2
flash memory,2
thermal management,2
flash memories,2
mercury (metals),2
ocean temperature,2
finance,2
temperature measurement,2
field programmable analog arrays,2
multiprocessor interconnection networks,2
windows,2
electromagnetic analysis,2
wind,2
wildlife,2
wide band gap semiconductors,2
fibonacci sequences,2
electrodes,2
poisson equation,1
calcium,1
optical elements,1
collaborative tools,1
cache memory,1
multicast vpn,1
portable instruments,1
butterworth filters,1
burst switching,1
power supplies to apparatus,1
power systems,1
prefetching,1
printers,1
cable tv,1
coagulation,1
plastics,1
plastic packaging,1
partial differential equations,1
north america,1
nose,1
number theory,1
parametric statistics,1
p-i-n photodiodes,1
owl,1
optimal matching,1
optical reflection,1
open source hardware,1
optical recording,1
optical interconnections,1
chromatic dispersion,1
optical fiber subscriber loops,1
optical fiber polarization,1
optical fiber cables,1
chemical technology,1
normal distribution,1
nonlinear systems,1
nonlinear functions,1
phemts,1
multistage interconnection networks,1
nails,1
planarization,1
nanoelectromechanical devices,1
pin photodiodes,1
physical theory of diffraction,1
photovoltaic cells,1
nanoelectromechanical systems,1
cloud computing,1
phased array radar,1
coaxial components,1
natural sciences computing,1
personal computing,1
noise shaping,1
patient treatment,1
nonlinear codes,1
problem-solving,1
robot vision,1
production facilities,1
program interpreters,1
ambient networks,1
tiles,1
thyristors,1
thermal sensors,1
thermal conductivity,1
tensors,1
animation,1
temperature control,1
teleportation,1
anthropometry,1
technical activities guide -tag,1
application specific processors,1
tagging,1
synthesizers,1
switching theory,1
switching networks,1
art neural nets,1
artificial intelligence,1
asia,1
surface-mount technology,1
assembly systems,1
asset management,1
association rules,1
associative memory,1
sugar,1
alzheimer's disease,1
transducers,1
transfer function matrices,1
video servers,1
x-ray imaging,1
abortion,1
acceleration control,1
white blood cells,1
weight control,1
active networks,1
wafer bonding,1
vivaldi antennas,1
viterbi detection,1
virtual environment,1
video signals,1
video retrieval,1
transform coding,1
additives,1
variational techniques,1
us department of energy,1
aerospace testing,1
affine transforms,1
uncertainty handling,1
agriculture,1
tv receivers,1
travelling wave amplifiers,1
transport control,1
transformers,1
subspace constraints,1
subcontracting,1
storage media,1
radar tracking,1
relaxation methods,1
relaxation,1
regions,1
region 10,1
reflectometers,1
recursive filters,1
rain fading,1
radiotelemetry,1
bioreactors,1
radio-over-fibre,1
radiative transfer,1
radar theory,1
reverberation chambers,1
radar imaging,1
blood,1
blood pressure measurement,1
quadtrees,1
pulse shaping,1
pulse compression methods,1
bones,1
programming profession,1
programming language semantics,1
programming environments,1
programmable controllers,1
resonator filters,1
bending,1
atmospheric optics,1
slot antenna arrays,1
atmospheric waves,1
stochastic games,1
standby generators,1
spread spectrum radar,1
specification languages,1
source separation,1
sonar detection,1
solar system,1
solar power,1
automobile manufacture,1
autonomous agents,1
skeleton,1
benchmark testing,1
simulation,1
silicon germanium,1
sigma-delta modulation,1
bandwidth compression,1
bank data processing,1
banking,1
seismometers,1
runtime environment,1
motion measurement,1
riccati equations,1
rewriting systems,1
moving average processes,1
distributed power generation,1
motion estimation,1
isdn,1
fasteners,1
fault location,1
continuous time systems,1
control design,1
control engineering,1
diffusion processes,1
fellows,1
field effect transistor switches,1
electronic design automation and methodology,1
control theory,1
inventory management,1
interferometry,1
flip-chip devices,1
intelligent actuators,1
flow graphs,1
intellectual property,1
lead,1
content-addressable storage,1
lenses,1
faa,1
direct energy conversion,1
zinc,1
electronic equipment testing,1
electronics industry,1
dipole antenna arrays,1
digital-analog conversion,1
condensation,1
liquid cooling,1
linear quadratic control,1
conformal mapping,1
conjugate gradient methods,1
limiting,1
light scattering,1
light absorption,1
expectation-maximization algorithms,1
integration,1
dielectric losses,1
focusing,1
current-mode logic,1
cyclic reservation multiple access,1
hybrid integrated circuits,1
hvac,1
glass,1
decomposition,1
humidity sensors,1
huffman coding,1
gyroscopes,1
data loggers,1
hilbert transforms,1
hilbert space,1
deafness,1
hi-fi equipment,1
helical antennas,1
heat engines,1
ieee services,1
geodesy,1
foot,1
genetics,1
correlation,1
infrared image sensors,1
infrared heating,1
inference algorithms,1
industrial electronics,1
indium tin oxide,1
fourier series,1
immune system,1
frequency agility,1
fuel systems,1
functional analysis,1
fuzzy neural nets,1
delta-sigma modulation,1
image representation,1
crystallization,1
computer viruses,1
kinematics,1
mission critical systems,1
mmic,1
matlab,1
matrix multiplication,1
mixed integer linear programming,1
measurement systems,1
mesons,1
minerals,1
economic forecasting,1
mechanical engineering,1
microwave switches,1
earth observing system,1
meetings,1
communications committee,1
mice,1
military radar,1
electric ignition,1
electric breakdown,1
echo interference,1
modular construction,1
material storage,1
compressors,1
electric actuators,1
manufacturing processes,1
communication effectiveness,1
magnetic resonance imaging,1
material properties,1
microprocessors,1
microelectromechanical systems,1
atmospheric electromagnetic wave propagation,0
ecology,0
acoustic imaging,0
symbiosis,0
demand forecasting,0
gas sensors,0
acoustic signal processing,0
gabor filters,0
waveguide transitions,0
asynchronous circuits,0
ge-si alloys,0
fuzzy sets,0
demography,0
dentistry,0
functional programming,0
weight measurement,0
acoustic reflection,0
formal verification,0
fuel storage,0
design for experiments,0
design for testability,0
switching converters,0
artificial limbs,0
switching systems,0
displacement control,0
wavelength conversion,0
fractional calculus,0
wavelet coefficients,0
fractal antennas,0
video cameras,0
audio recording,0
gene expression,0
wikipedia,0
graph grammars,0
decision trees,0
workstation clusters,0
software reliability,0
software quality,0
world wide web,0
hadamard matrices,0
document handling,0
software metrics,0
distributed decision making,0
software measurement,0
software management,0
software maintenance,0
z transforms,0
sociology,0
dc-dc power converters,0
social aspects of automation,0
dosimeters,0
distributed amplifiers,0
space charge,0
springs,0
storage allocation,0
genomics,0
steganography,0
audio coding,0
architecture,0
standards activities,0
sram chips,0
geographic information systems,0
deductive databases,0
speech processing,0
speech enhancement,0
drugs,0
dram chips,0
germanium silicon alloys,0
specific absorption rate,0
wireless cellular systems,0
acoustical engineering,0
tape recorders,0
formal logic,0
tv interference,0
environmental science computing,0
tropospheric electromagnetic wave propagation,0
viruses (medical),0
visual databases,0
eprom,0
transversal filters,0
digital signal processors,0
estimation,0
visual system,0
adaptive kalman filters,0
fabrication,0
facebook,0
electromagnetic field theory,0
discussion forums,0
digital integrated circuits,0
facsimile,0
training,0
turing machines,0
electromagnetic waves,0
tracking filters,0
encyclopedias,0
video codecs,0
electronic equipment manufacture,0
adders,0
variable rate codes,0
valves,0
vacuum deposition,0
video recording,0
electronic data interchange,0
electrons,0
electrostatics,0
elliptic curves,0
electronic countermeasures,0
ultraviolet sources,0
embedded software,0
embedded systems,0
electron beam deposition,0
encyclopaedias,0
vlsi,0
fault tolerant computing,0
synchronous generators,0
warehousing,0
television interference,0
water conservation,0
telescopes,0
telerobotics,0
differential algebraic equations,0
telegraphy,0
adaptation model,0
flip-flops,0
antibiotics,0
floating point arithmetic,0
technology forecasting,0
wave propagation,0
waveguide components,0
fluid dynamics,0
forecasting theory,0
deterministic automata,0
waveguide discontinuities,0
television reception,0
television standards,0
voice mail,0
finite automata,0
fault tolerant systems,0
heart rate,0
fddi,0
feedback communications,0
thesauri,0
thermomechanical processes,0
disk drives,0
adaptive coding,0
fets,0
text mining,0
terrorism,0
disk recording,0
field effect transistors,0
anisotropic magnetoresistance,0
tensile stress,0
file systems,0
electric connectors,0
harmonics suppression,0
image colour analysis,0
data warehouses,0
parallel algorithms,0
cause effect analysis,0
cells (biology),0
pathogens,0
low-frequency noise,0
m-sequences,0
parametric study,0
macromolecules,0
parallel plate waveguides,0
parallel databases,0
pacemakers,0
case-based reasoning,0
oxygen,0
change detection algorithms,0
magnetic cores,0
orthopedic surgery,0
orthopaedics,0
manifolds,0
manipulators,0
market opportunities,0
optical fibre dispersion,0
logic gates,0
conference management,0
charts,0
leakage currents,0
power conversion harmonics,0
continuous wavelet transforms,0
knapsack problems,0
polymorphism,0
land transportation,0
laplace transforms,0
law enforcement,0
polymer films,0
cadcam,0
legislation,0
linear antennas,0
cancer,0
capability maturity model,0
capacitance,0
level measurement,0
plastic insulation,0
ligaments,0
constraint handling,0
lighting,0
pharmaceutical technology,0
charge pumps,0
materials requirements planning,0
power filters,0
nanocomposites,0
microwave oscillators,0
natural languages,0
microwave radiometry,0
coaxial cables,0
nanostructured materials,0
communities,0
nanoparticles,0
nanofabrication,0
nanoelectronics,0
nand circuits,0
microwave measurements,0
naming services,0
millimetre wave power amplifiers,0
music,0
millimetre waves,0
multiprocessing systems,0
molecular biophysics,0
multidimensional signal processing,0
molecular configurations,0
multi-stage noise shaping,0
cmos logic circuits,0
network-on-chip,0
optical disc storage,0
meta data,0
optical delay lines,0
optical beam splitters,0
medical conditions,0
distribution networks,0
circuit faults,0
memory management,0
ontologies (artificial intelligence),0
ontologies,0
object oriented programming,0
metal-insulator structures,0
networked control systems,0
classification tree analysis,0
microcomputers,0
computed tomography,0
cloning,0
nonlinear network analysis,0
microstrip,0
microwave integrated circuits,0
noise abatement,0
microwave links,0
power electronics,0
power harmonic filters,0
data visualization,0
biological effects of microwaves,0
residue codes,0
rendering (computer graphics),0
bifurcation,0
remote procedure calls,0
image edge detection,0
current control,0
regression tree analysis,0
crystallography,0
reflector antenna feeds,0
biological materials,0
image denoising,0
reflectivity,0
image restoration,0
biological tissues,0
biology computing,0
image retrieval,0
recurrent neural networks,0
recurrent neural nets,0
biomedical electronics,0
recruitment,0
best practices,0
image converters,0
credit cards,0
data flow computing,0
heart rate measurement,0
data storage systems,0
sheet materials,0
heterojunction bipolar transistors,0
semiconductor materials,0
high-resolution imaging,0
semantic web,0
semantic networks,0
data handling,0
sections,0
mpeg standards,0
horn antennas,0
scanning probe microscopy,0
runlength codes,0
rough sets,0
root mean square,0
behavioural sciences,0
dark current,0
hypertension,0
reverse engineering,0
reconfigurable logic,0
biomedical materials,0
iso,0
inverse problems,0
proteins,0
propagation constant,0
interactive devices,0
interactive systems,0
bootstrapping,0
interactive video,0
boundary-value problems,0
intranets,0
inventory control,0
process algebra,0
public administration,0
privatization,0
iris recognition,0
control system synthesis,0
preventive maintenance,0
presses,0
predictive maintenance,0
brownian motion,0
buffer circuits,0
power transmission lines,0
psychology,0
pulp manufacturing,0
biomedical measurement,0
birth disorders,0
biomedical measurements,0
image texture,0
image texture analysis,0
random access memory,0
cramer-rao bounds,0
railway industry,0
in vivo,0
indexing,0
bipolar transistors,0
information networks,0
pulse width modulation converters,0
inorganic materials,0
input variables,0
integrated circuit reliability,0
quantum theory,0
integrated circuit testing,0
quantum mechanics,0
copyright protection,0
coprocessors,0
pwm power convertors,0
zirconium,0
