telecommunication traffic,1079
multiaccess communication,891
fading,888
quality of service,869
code division multiple access,813
wireless lan,683
bandwidth,671
transmitting antennas,664
3g mobile communication,602
receiving antennas,600
diversity reception,584
ad hoc networks,578
mobile radio,571
error statistics,566
channel estimation,565
cellular radio,554
ofdm modulation,553
mobile communication,546
internet,535
rayleigh channels,519
delay,512
throughput,509
antenna arrays,501
access protocols,484
fading channels,478
spread spectrum communication,476
performance analysis,471
multipath channels,464
intelligent networks,453
ip networks,425
radiofrequency interference,425
wireless communication,411
radio receivers,409
base stations,390
mimo,389
traffic control,387
interference,387
bit error rate,387
power control,386
interference suppression,380
protocols,370
wireless networks,354
decoding,351
mimo systems,351
downlink,346
packet radio networks,342
transmitters,338
ofdm,331
block codes,331
routing protocols,330
frequency,323
radio links,323
transport protocols,320
broadband networks,310
modulation coding,302
multiuser detection,299
channel capacity,296
optimisation,294
turbo codes,293
space-time codes,289
computational complexity,288
iterative decoding,280
degradation,277
data communication,277
network topology,274
telecommunication network routing,272
intersymbol interference,263
probability,260
signal to noise ratio,257
telecommunication congestion control,251
analytical models,249
computer science,246
resource management,244
convolutional codes,233
costs,230
awgn,227
multimedia communication,221
channel coding,220
array signal processing,216
telecommunication control,215
delays,211
radio access networks,208
routing,206
telecommunication channels,206
packet switching,206
detectors,204
least mean squares methods,198
media access protocol,197
quadrature amplitude modulation,197
signal processing,193
wireless sensor networks,188
maximum likelihood estimation,186
radio transmitters,185
feedback,185
radio networks,181
mobile computing,181
wavelength division multiplexing,180
frequency estimation,176
communication system traffic control,174
scheduling,170
multiple access interference,167
interference cancellation,166
automatic repeat request,165
error analysis,163
algorithm design and analysis,161
bluetooth,161
wireless application protocol,159
mobile ad hoc networks,159
queueing theory,157
robustness,156
scheduling algorithm,156
computer networks,154
laboratories,153
land mobile radio cellular systems,149
phase shift keying,149
awgn channels,148
system performance,145
time division multiple access,145
channel allocation,142
telecommunication network management,142
signal detection,141
maximum likelihood detection,141
parity check codes,138
time-varying channels,137
resource allocation,135
iterative methods,135
optical fibre networks,133
wideband,131
delay effects,127
switches,126
telecommunication network reliability,124
physical layer,123
land mobile radio,122
computational modeling,122
interleaved codes,121
computer simulation,120
statistics,119
telecommunication security,119
maximum likelihood decoding,119
delay estimation,118
additive white noise,117
error correction,117
electronic mail,117
optical fiber networks,117
matched filters,116
iterative algorithms,115
power system modeling,115
multicast protocols,112
correlation methods,112
error correction codes,111
equalisers,111
timing,111
synchronisation,110
testing,110
mobile antennas,109
proposals,108
gsm,108
diversity methods,108
multiuser channels,107
concatenated codes,106
indoor radio,106
demodulation,106
statistical analysis,105
energy consumption,105
telecommunication services,104
forward error correction,104
broadcasting,104
protection,104
bit rate,103
gaussian noise,102
convergence,102
telecommunication signalling,100
receivers,100
markov processes,100
control systems,100
quadrature phase shift keying,99
performance gain,99
streaming media,98
error probability,97
bandwidth allocation,97
hardware,96
adaptive antenna arrays,96
frequency division multiplexing,95
web and internet services,94
signal analysis,94
time division multiplexing,93
frequency domain analysis,92
transceivers,92
multimedia systems,92
scalability,91
personal communication networks,91
adaptive arrays,91
stochastic processes,90
antenna measurements,90
local area networks,90
eigenvalues and eigenfunctions,89
cryptography,89
parameter estimation,87
adaptive control,86
network servers,86
filters,85
multicarrier code division multiple access,85
multiprotocol label switching,85
antennas and propagation,84
matrix algebra,83
cochannel interference,83
relays,83
performance loss,83
adaptive modulation,82
space time codes,81
communication system control,79
radio frequency,79
interchannel interference,79
propagation losses,78
channel state information,77
frequency synchronization,76
radiowave propagation,76
cellular networks,75
admission control,75
multicast communication,74
mean square error methods,74
rician channels,74
equalizers,72
minimisation,72
computer architecture,72
application software,72
peak to average power ratio,71
frequency diversity,70
global positioning system,70
stability,70
multi-access systems,69
signal design,69
narrowband,68
predictive models,68
equations,68
ultra wideband technology,67
digital video broadcasting,67
mobile radio mobility management,66
optical switches,66
educational institutions,65
filtering,65
decorrelation,64
telecommunication switching,64
pulse modulation,64
performance evaluation,63
propagation delay,63
communication system security,63
code division multiplexing,62
jitter,62
signal processing algorithms,62
covariance matrix,61
ground penetrating radar,61
cost function,60
sampling methods,59
antenna radiation patterns,59
diffserv networks,59
wdm networks,59
modulation,59
batteries,59
internet telephony,59
phase estimation,59
space technology,58
directive antennas,58
scattering,58
adaptive systems,58
next generation networking,58
monte carlo methods,57
baseband,56
circuits,55
energy efficiency,55
satellite communication,55
upper bound,55
telecommunication computing,54
computer network management,54
constellation diagram,54
peer to peer computing,54
programmable control,54
rake receivers,54
filtering theory,53
frequency conversion,53
redundancy,53
optical wavelength conversion,52
telecommunication standards,52
heuristic algorithms,52
power amplifiers,52
interpolation,52
processor scheduling,51
aggregates,51
buffer storage,51
authentication,50
computer errors,50
unicast,50
frequency shift keying,50
4g mobile communication,49
availability,49
mobile handsets,49
transient response,49
binary phase shift keying,49
kalman filters,49
random variables,48
personal area networks,48
least squares approximation,48
research and development,48
reed-solomon codes,47
cities and towns,47
monitoring,47
gaussian processes,46
discrete fourier transforms,46
viterbi algorithm,46
spine,46
information technology,46
direction-of-arrival estimation,46
ray tracing,46
polynomials,46
digital communication,45
frequency-domain analysis,45
time domain analysis,45
shadow mapping,45
vehicles,45
tcpip,45
asynchronous transfer mode,45
telecommunication network planning,44
nonlinear distortion,44
closed-form solution,44
data security,44
call admission control,44
nonlinear filters,43
video coding,43
encoding,43
telephony,43
trellis codes,43
telecommunication links,42
decision feedback equalizers,42
radio spectrum management,42
broadband antennas,42
power measurement,42
signal resolution,42
satellite broadcasting,42
capacity planning,42
probability density function,42
transfer functions,41
signal generators,41
software radio,41
web server,41
radio control,41
phase modulation,41
least squares approximations,41
frequency hop communication,41
linear programming,41
radio link,40
linear antenna arrays,40
additive noise,40
trellis coded modulation,40
distributed control,39
mathematical model,39
integrated voice/data communication,39
gaussian channels,39
multiplexing,39
codes,39
optical packet switching,39
multicast algorithms,38
fast fourier transforms,38
microcellular radio,38
frequency-selective fading channels,38
communication networks,37
autocorrelation,37
matrix decomposition,37
power engineering and energy,37
time measurement,37
distributed algorithms,37
interference constraints,37
queueing analysis,36
finite impulse response filter,36
large-scale systems,36
ieee standards,36
amplitude modulation,36
visual communication,36
information security,36
decision feedback equalisers,36
adaptive filters,35
design optimization,35
antenna theory,35
doppler effect,35
pricing,35
silicon carbide,35
radio network,35
access control,35
fcc,34
detection algorithms,34
modems,33
adaptive codes,33
telecommunications,33
message authentication,33
helium,33
optical receivers,33
frequency response,33
clocks,33
statistical distributions,32
optical buffering,32
convolution,32
distributed computing,32
wavelength routing,32
estimation error,32
covariance matrices,32
source coding,32
blind equalizers,32
broadband communication,32
fluctuations,32
australia,31
phase noise,31
databases,31
state estimation,31
real-time systems,31
field programmable gate arrays,31
shape,30
sequences,30
pseudonoise codes,30
dispersion,30
antenna feeds,30
mobile satellite communication,30
artificial satellites,30
communications technology,30
fabrics,30
usa councils,30
indoor environments,30
load management,29
codecs,29
noise,29
pulse position modulation,29
picocellular radio,29
wide area networks,29
delay lines,29
integer programming,29
context,29
frequency measurement,29
approximation theory,29
computer network reliability,28
attenuation,28
satellites,28
mobile agents,28
microcell networks,28
communication standards,28
internetworking,28
code standards,28
centralized control,28
personal digital assistants,28
public key cryptography,28
signal sampling,28
information analysis,27
carrier sense multiple access,27
random processes,27
design engineering,27
tracking,27
dispersive channels,27
data engineering,27
time varying systems,26
pulse shaping methods,26
gaussian distribution,26
telephone sets,26
clustering algorithms,26
sensor phenomena and characterization,26
adaptive signal detection,26
radio broadcasting,26
adjacent channel interference,26
communication switching,26
correlators,26
master-slave,26
digital signal processing,26
search problems,26
radiocommunication,26
table lookup,26
recursive estimation,26
direct-sequence code-division multiple access,26
digital modulation,26
microwave propagation,26
digital radio,26
jamming,26
constraint optimization,25
optical fiber communication,25
fuzzy logic,25
authorisation,25
joining processes,25
virtual private networks,25
electromagnetic wave scattering,25
real time systems,25
rayleigh scattering,25
technological innovation,25
optical burst switching,25
prototypes,25
digital simulation,25
optimal control,25
ethernet networks,25
viterbi decoding,24
loss measurement,24
macrocell networks,24
amplitude estimation,24
phase detection,24
trees (mathematics),24
buildings,24
video on demand,24
interference (signal),24
polarization,23
continuous phase modulation,23
hidden markov models,23
adaptive algorithm,23
graph theory,23
vectors,23
paging communication,23
time-domain analysis,23
convergence of numerical methods,23
voice communication,23
dynamic programming,23
power consumption,23
distortion,23
data compression,23
payloads,23
correlation theory,23
network interfaces,22
measurement,22
partitioning algorithms,22
geometry,22
solid modeling,22
partial transmit sequences,22
low earth orbit satellites,22
floods,22
roaming,22
optimization methods,22
systems engineering and theory,22
working environment noise,22
state feedback,21
mutual information,21
beam steering,21
energy management,21
fuzzy control,21
phased arrays,21
frequency allocation,21
sun,21
direction of arrival estimation,21
collision avoidance,21
quantization,21
information science,21
space division multiplexing,21
differential detection,20
frequency modulation,20
spectral analysis,20
radiofrequency amplifiers,20
design methodology,20
adaptive equalisers,20
computer crime,20
dsl,20
home automation,20
communication systems,20
blind equalisers,20
game theory,20
fault tolerance,20
bridges,20
numerical analysis,20
collaboration,20
adaptive scheduling,20
metropolitan area networks,19
power generation,19
middleware,19
frequency division multiple access,19
satellite links,19
dynamic scheduling,19
binary codes,19
computational efficiency,19
steady-state,19
engineering management,19
antenna accessories,19
optical design,19
uhf radio propagation,19
linear codes,19
probability distribution,19
doppler shift,19
wavelength assignment,19
information filters,19
tunneling,19
portable computers,19
paper technology,19
speech analysis,19
differential phase shift keying,19
circuit switching,18
radio direction-finding,18
noise cancellation,18
adaptive signal processing,18
round robin,18
h infinity control,18
humans,18
ultra wideband communication,18
context-aware services,18
telecommunication network topology,18
multidimensional systems,18
digital subscriber lines,17
calibration,17
history,17
java,17
simulated annealing,17
optical transmitters,17
sonet,17
genetic algorithms,17
paging strategies,17
data mining,17
noise robustness,17
high power amplifiers,17
pairwise error probability,17
cache storage,17
power system management,17
switching circuits,17
digital filters,17
radio propagation,17
image coding,17
wiener filters,17
communication channels,17
combined source-channel coding,17
mesh networks,17
uncertainty,17
road vehicles,17
broadcast channels,17
neural networks,17
position measurement,17
random sequences,17
urban areas,16
electric vehicles,16
fir filters,16
fingers,16
radio tracking,16
gradient methods,16
euclidean distance,16
drives,16
numerical simulation,16
optical modulation,16
adaptive equalizers,16
topology,16
noise level,16
minimum shift keying,16
time frequency analysis,16
video compression,16
sparse matrices,16
information rates,16
security,16
wiener filter,16
road accidents,16
maximum likelihood sequence estimation,16
target tracking,16
space division multiple access,16
hybrid electric vehicles,16
rf signals,16
system testing,16
high speed optical techniques,16
speech,16
least squares methods,16
automotive engineering,16
sensor systems,16
information theory,16
singular value decomposition,16
videoconference,15
entropy,15
propulsion,15
fourier transforms,15
binary sequences,15
contracts,15
optical control,15
pulse amplitude modulation,15
vehicle dynamics,15
optical communication,15
counting circuits,15
directional antennas,15
computer vision,15
cryptographic protocols,15
communication industry,15
mathematical analysis,15
bayesian methods,15
information filtering,15
teleconferencing,15
electromagnetic wave polarisation,15
asia,15
resonance light scattering,15
all-optical networks,15
high-speed networks,15
minimax techniques,15
standardization,14
gaussian approximation,14
size control,14
xml,14
microstrip antennas,14
intserv networks,14
azimuth,14
data systems,14
uhf antennas,14
time division synchronous code division multiple access,14
prediction theory,14
galois fields,14
gold,14
energy conservation,14
interference elimination,14
crosstalk,14
log normal distribution,14
timing jitter,14
optical noise,14
lagrangian functions,14
autoregressive processes,14
channel bank filters,14
optical links,14
optical losses,14
gain,14
quantisation (signal),14
reliability,13
authorization,13
wireless personal area networks,13
radio communication,13
slot antennas,13
oscillators,13
intrusion detection,13
europe,13
quality management,13
reflection,13
product codes,13
frequency division multiaccess,13
cyclic redundancy check,13
councils,13
speech coding,13
distribution functions,13
area measurement,13
standards development,13
filter bank,13
public key,13
space-time adaptive processing,13
state-space methods,12
estimation theory,12
approximation algorithms,12
space stations,12
world wide web,12
proportional control,12
phase locked loops,12
concurrent computing,12
stability analysis,12
information systems,12
employment,12
chaotic communication,12
guidelines,12
data analysis,12
analogue-digital conversion,12
automatic control,12
symmetric matrices,12
sensor arrays,12
microstrip antenna arrays,12
higher order statistics,12
partial response channels,12
magnetic recording,12
couplings,12
file servers,12
mutual coupling,12
client-server systems,12
automotive electronics,12
informatics,12
parallel processing,12
band pass filters,12
chaos,11
power engineering computing,11
intelligent sensors,11
actuators,11
character generation,11
probes,11
associate members,11
process design,11
multiple signal classification,11
privacy,11
local oscillators,11
demultiplexing,11
fractals,11
road transportation,11
telecommunication terminals,11
dipole antennas,11
delay systems,11
poisson distribution,11
noise reduction,11
impulse noise,11
colored noise,11
power system reliability,11
predistortion,11
sequential estimation,11
pervasive computing,11
jacobian matrices,11
open loop systems,11
open systems,11
sensor fusion,11
smoothing methods,11
reliability engineering,10
electric variables measurement,10
gain measurement,10
prediction algorithms,10
speech recognition,10
viterbi detection,10
power system relaying,10
power distribution,10
pattern analysis,10
intermodulation distortion,10
cyclic codes,10
electronic commerce,10
closed loop systems,10
source separation,10
background noise,10
data models,10
information management,10
learning (artificial intelligence),10
kernel,10
noise measurement,10
bidirectional control,10
sufficient conditions,10
variable length codes,10
antenna phased arrays,10
independent component analysis,10
compensation,10
failure analysis,10
application specific integrated circuits,10
adaptive estimation,10
femtocell networks,10
tv broadcasting,10
environmental management,10
iir filters,10
permission,10
optical fibers,10
satellite ground stations,10
technology management,10
multibeam antennas,10
rain,10
software tools,10
memoryless systems,10
telecommunication networks,10
displays,10
wire,9
piecewise linear techniques,9
photonic switching systems,9
moon,9
digital audio broadcasting,9
handheld computers,9
resilience,9
collaborative work,9
robust control,9
analog-digital conversion,9
samarium,9
analysis of variance,9
matrix inversion,9
mathematics,9
security of data,9
automatic frequency control,9
maintenance engineering,9
maintenance,9
impedance matching,9
low pass filters,9
sum product algorithm,9
loaded antennas,9
instruments,9
stochastic systems,9
size measurement,9
computer security,9
context modeling,9
military communication,9
message service,9
job shop scheduling,9
classification algorithms,9
exponential distribution,9
circuit simulation,9
neodymium,9
tiles,9
adaptive coding,9
feeds,9
filtering algorithms,9
electromagnetic interference,9
floors,9
acoustic sensors,9
tracking filters,9
random noise,9
mpeg 4 standard,9
data structures,9
cellular phones,9
explosives,9
lighting control,8
information retrieval,8
optical interconnections,8
layout,8
linearisation techniques,8
phase measurement,8
linearity,8
chromium,8
condition monitoring,8
government,8
logic,8
impedance,8
image communication,8
fault diagnosis,8
feedback control,8
mathematical programming,8
discrete event simulation,8
particle measurements,8
measurement errors,8
message passing,8
dynamic range,8
military computing,8
data acquisition,8
navigation,8
digital tv,8
transportation,8
telematics,8
airports,8
very large scale integration,8
velocity measurement,8
automobiles,8
signal restoration,8
satellite antennas,8
bayes methods,8
variable rate codes,8
bipartite graph,8
web sites,8
random codes,8
vocoders,8
time factors,8
arithmetic,8
synchronization,8
pulse amplifiers,8
surveillance,8
tree data structures,8
ubiquitous computing,8
buffer overflow,8
radio repeaters,8
yield estimation,8
road traffic,8
aperture antennas,8
assembly,8
roads,8
wireless mesh networks,8
radio reception,8
voltage-controlled oscillators,8
subscriptions,8
software agents,8
power generation economics,8
transform coding,8
signal classification,8
minimization methods,7
indoor radio communication,7
packet reservation multiple access,7
hadamard codes,7
communication complexity,7
strontium,7
evolutionary computation,7
electromagnetic scattering,7
manufacturing,7
antennas,7
hamming distance,7
electromagnetic coupling,7
synchronous digital hierarchy,7
cyclic redundancy check codes,7
search methods,7
engines,7
microelectronics,7
energy resolution,7
cross layer design,7
optical network units,7
envelope detectors,7
environmental economics,7
optical propagation,7
transponders,7
microwave antenna arrays,7
memory,7
optical sensors,7
hydrogen,7
error detection,7
density measurement,7
electronic switching systems,7
optical crosstalk,7
matrix converters,7
voltage,7
current measurement,7
terminology,7
cmos technology,7
microeconomics,7
multifrequency antennas,7
noise generators,7
filling,7
wavelet transforms,7
data privacy,7
phase distortion,7
frequency selective surfaces,7
aircraft communication,7
length measurement,7
arrayed waveguide gratings,7
random number generation,7
spatial resolution,7
greedy algorithms,7
tracking loops,7
radiofrequency identification,7
spatiotemporal phenomena,7
distortion measurement,7
white noise,7
tree graphs,7
intensity modulation,7
content management,7
computer aided software engineering,7
nakagami distribution,7
shift registers,7
algebra,7
labeling,7
lattices,7
integral equations,7
training data,7
speech codecs,7
signal synthesis,7
two dimensional displays,7
space vector pulse width modulation,7
software architecture,7
optical fibre communication,6
microwave antennas,6
reviews,6
national electric code,6
transient analysis,6
network synthesis,6
micromechanical devices,6
amplitude shift keying,6
optical fibre lan,6
network address translation,6
video sequences,6
thermal noise,6
tellurium,6
microwave integrated circuits,6
us department of transportation,6
fault detection,6
ultra wideband antennas,6
pulse shaping,6
feature extraction,6
feedback loop,6
operating systems,6
feedforward,6
mobility management (mobile radio),6
time difference of arrival,6
notice of violation,6
geometrical theory of diffraction,6
variable speed drives,6
remotely operated vehicles,6
pulse measurements,6
airplanes,6
temperature sensors,6
temperature,6
motion control,6
time-frequency analysis,6
random access memory,6
vehicle driving,6
battery powered vehicles,6
pulse width modulation,6
consumer electronics,6
brain modeling,6
automated highways,6
wavelength measurement,6
intelligent transportation systems,6
wavelength conversion,6
integrated optics,6
calculus,6
signal reconstruction,6
control system synthesis,6
acoustic propagation,6
low-pass filters,6
capacitive sensors,6
diffraction,6
storms,6
differential quadrature phase shift keying,6
parallel architectures,6
parallel algorithms,6
computer hacking,6
interference channels,6
postal services,6
spatial filters,6
wires,6
pipeline processing,6
wireless cellular systems,6
digital signal processing chips,6
discrete cosine transforms,6
discrete time systems,6
business,6
linear approximation,6
petroleum,6
business communication,6
acceleration,6
polynomial approximation,6
distributed databases,6
web pages,6
copper,6
blind source separation,6
electromagnetic wave reflection,6
tail,6
merging,6
bismuth,6
scattering parameters,6
electromagnetic wave transmission,6
embedded computing,6
demodulators,6
measurement standards,6
tariffs,6
image reconstruction,6
search engines,6
communication cables,6
runtime,6
costing,6
hybrid power systems,6
image motion analysis,6
combinatorial mathematics,5
internal combustion engines,5
automatic gain control,5
computer industry,5
fuel cells,5
lan interconnection,5
fuzzy systems,5
coherence,5
gallium nitride,5
speech enhancement,5
traffic engineering computing,5
mesh generation,5
telecommunication traffic recording,5
speech synthesis,5
robust stability,5
multistage interconnection networks,5
road safety,5
home computing,5
nash equilibrium,5
artificial intelligence,5
software performance,5
national security,5
decentralised control,5
belief propagation,5
lakes,5
speech processing,5
linear code,5
aircraft,5
microwave links,5
terrestrial atmosphere,5
millimetre wave propagation,5
surface roughness,5
communication system traffic,5
switching systems,5
reluctance machines,5
matrices,5
heuristic programming,5
group codes,5
shape control,5
apertures,5
regression analysis,5
horn antennas,5
automobile industry,5
memory architecture,5
inspection,5
integer linear programming,5
control engineering,5
satellite constellations,5
hierarchical systems,5
intelligent control,5
linux,5
high performance computing,5
microwave communication,5
geometrical optics,5
reconfigurable architectures,5
safety,5
motion compensation,5
microcomputers,5
battery management systems,5
channel spacing,5
event detection,5
weight control,5
weibull distribution,5
nonhomogeneous media,5
digital multimedia broadcasting,5
emulation,5
delta modulation,5
nonlinear control systems,5
quadratic programming,5
virtual reality,5
nonlinear equations,5
operations research,5
embedded systems,5
passive optical networks,5
finite element analysis,5
optical computing,5
finite difference time-domain analysis,5
wave functions,5
cameras,5
vlsi,5
explosions,5
optimal scheduling,5
electrical equipment industry,5
usability,5
video sharing,5
power transmission,5
added delay,5
page description languages,5
power system protection,5
certification,5
centralised control,5
fires,5
broadcast technology,5
physical theory of diffraction,5
video servers,5
optical filters,5
neural nets,5
psnr,5
planar antenna arrays,5
adaptive decoding,5
optical fiber cables,5
decision theory,5
vehicle safety,5
optical devices,5
energy measurement,5
object detection,5
nist,5
query processing,5
error detection codes,5
optical pulses,4
project management,4
semiconductor device measurement,4
image sequences,4
packaging,4
image segmentation,4
covariance analysis,4
out of order,4
optical fibre subscriber loops,4
virtual colonoscopy,4
active antenna arrays,4
voltage control,4
engineering profession,4
prediction methods,4
output feedback,4
optical recording,4
maximum a posteriori estimation,4
hospitals,4
energy storage,4
energy states,4
system analysis and design,4
optical reflection,4
hybrid fiber coaxial cables,4
videotelephony,4
automata,4
production facilities,4
hysteresis,4
optical waveguides,4
change detection algorithms,4
density functional theory,4
automotive applications,4
ieee news,4
circuit topology,4
importance sampling,4
discrete wavelet transforms,4
springs,4
interferometry,4
lighting,4
light emitting diodes,4
distance measurement,4
lifting equipment,4
context awareness,4
licenses,4
intranets,4
dispatching,4
art,4
sociotechnical systems,4
atmospheric turbulence,4
sensitivity analysis,4
digital relays,4
isdn,4
learning automata,4
windows,4
solids,4
contacts,4
physics,4
constraint theory,4
knowledge engineering,4
large scale integration,4
large hadron collider,4
digital-analog conversion,4
web services,4
accuracy,4
digital control,4
pd control,4
electromagnetic propagation,4
inductors,4
paints,4
support vector machines,4
supply chain management,4
dielectrics,4
electromagnetic compatibility,4
subscriber loops,4
differential equations,4
magnetic analysis,4
service oriented architecture,4
set theory,4
compression algorithms,4
electric motors,4
electric impedance,4
pareto distribution,4
echo cancellers,4
logic devices,4
logic design,4
patch antennas,4
acoustic noise,4
power dividers,4
silicon compounds,4
power dissipation,4
intelligent systems,4
information processing,4
virtual prototyping,4
telecommunication power supplies,4
extraterrestrial measurements,4
gas insulated transmission lines,4
binary trees,4
motion estimation,4
reactive power,4
finite difference methods,4
time sharing computer systems,4
read only memory,4
tuning,4
home appliances,4
monopole antennas,4
geographic information systems,4
tv,4
np-complete problem,4
recurrent neural nets,4
golay codes,4
chirp modulation,4
recurrent neural networks,4
advertising,4
reflector antennas,4
bandlimited communication,4
band-pass filters,4
registers,4
data communication equipment,4
nonlinear estimation,4
finite element methods,4
tin,4
dc motors,4
decision making,4
network routing,4
transmission lines,4
radial basis function networks,4
decision support systems,4
nasa,4
frame relay,4
benchmark testing,4
transmission line matrix methods,4
flywheels,4
bicmos integrated circuits,4
railways,4
transforms,4
frequency convertors,4
aging,4
bifurcation,4
multimedia servers,4
frequency synthesizers,4
torque,4
tree searching,4
nominations and elections,4
rail transportation,4
uniform resource locators,4
software systems,4
delta-sigma modulation,4
optical fiber devices,4
pulse generation,4
hazards,4
cutoff frequency,4
microwave theory and techniques,4
millimeter wave technology,4
optical coupling,4
microwave ovens,4
optical delay lines,4
coding errors,4
milling machines,4
equivalent circuits,4
hamming codes,4
optical communication equipment,4
pulse shaping circuits,4
microsensors,4
resumes,4
microscopy,4
air traffic control,3
temperature control,3
active noise reduction,3
torque control,3
speech intelligibility,3
formal verification,3
curve fitting,3
epon,3
distributed processing,3
software testing,3
digital phase locked loops,3
toeplitz matrices,3
tomography,3
coupling circuits,3
fuzzy sets,3
digital magnetic recording,3
digital images,3
stacking,3
standards organizations,3
doppler broadening,3
interactive systems,3
finite state machines,3
telegraphy,3
intelligent vehicles,3
wheels,3
fixed point arithmetic,3
vehicle detection,3
spaceborne radar,3
writing,3
sonar,3
asymptotic stability,3
associative memory,3
africa,3
workstations,3
space exploration,3
wiring,3
video codecs,3
erbium,3
taylor series,3
atmosphere,3
karhunen-loeve transforms,3
fluid flow measurement,3
conjugate gradient methods,3
digital-analogue conversion,3
fluid flow,3
force control,3
discriminators,3
anechoic chambers,3
transversal filters,3
dispersion (wave),3
aerospace industry,3
specification languages,3
investments,3
electromagnetic wave polarization,3
architecture,3
face detection,3
time of arrival estimation,3
elliptic curve cryptography,3
file organisation,3
information networks,3
amplifiers,3
field strength measurement,3
electronic messaging,3
hamming weight,3
valves,3
industrial control,3
three-term control,3
graph colouring,3
image analysis,3
indexing,3
surface waves,3
hadamard transforms,3
dictionaries,3
algorithm theory,3
dh-hemts,3
switching converters,3
algebraic codes,3
electromagnetic wave absorption,3
imaging phantoms,3
groupware,3
gray codes,3
add-drop multiplexers,3
electromagnetic wave diffraction,3
electromagnetic wave propagation,3
image quality,3
aerospace control,3
elliptic curves,3
stress,3
stochastic resonance,3
approximation methods,3
dual band,3
intelligent agent,3
data recording,3
hdtv,3
data processing,3
continuous time systems,3
stimulated emission,3
identification,3
waveform analysis,3
ear,3
system-on-a-chip,3
identity-based encryption,3
tunable circuits and devices,3
time series,3
educational programs,3
application program interfaces,3
educational technology,3
control system analysis,3
system software,3
electric breakdown,3
control theory,3
system recovery,3
harmonic analysis,3
controllers,3
embedded system,3
walsh functions,3
strategic planning,3
genetic expression,3
physics computing,3
biomedical monitoring,3
limiting,3
losses,3
matching pursuit algorithms,3
sigma-delta modulation,3
optical pulse shaping,3
niobium,3
newton-raphson method,3
signal mapping,3
computer applications,3
radar scattering,3
automatic speech recognition,3
circuit synthesis,3
power electronics,3
load flow control,3
computer buffers,3
linear systems,3
process planning,3
silver,3
linear matrix inequalities,3
radio data systems,3
power convertors,3
clustering methods,3
modeling,3
modelling,3
programmable logic arrays,3
linear algebra,3
optical scattering,3
radar,3
pareto analysis,3
north america,3
microwave technology,3
research initiatives,3
numerical models,3
resonance,3
sensitivity,3
repeaters,3
number theory,3
senior members,3
management information systems,3
magnetic recording noise,3
sensors,3
power system planning,3
boundary conditions,3
normal distribution,3
semiconductor optical amplifiers,3
sequential decoding,3
principal component analysis,3
reluctance motors,3
microwave circuits,3
reliability theory,3
optical signal processing,3
machine learning,3
machine control,3
quality assessment,3
broadband amplifiers,3
radio equipment,3
radio stations,3
classification tree analysis,3
atmospheric modeling,3
software algorithms,3
operational amplifiers,3
petri nets,3
optical add-drop multiplexers,3
burst switching,3
learning systems,3
optical distortion,3
sliding mode control,3
multilayer perceptrons,3
optical fiber lan,3
mechanical factors,3
lead,3
software prototyping,3
planar arrays,3
computerized monitoring,3
banking,3
rate distortion theory,3
software measurement,3
pipelines,3
moving average processes,3
phase shifters,3
operating systems (computers),3
sockets,3
mechanical engineering computing,3
cables,3
computer interfaces,3
radio transceivers,3
method of moments,3
modular construction,3
laplace equations,3
pi control,3
concrete,3
microelectromechanical systems,3
libraries,3
biosensors,3
bch codes,3
laser noise,3
smart cards,3
portable media players,3
rough surfaces,3
modulators,3
battery charge measurement,3
maxwell equations,3
measurement techniques,3
building materials,3
object oriented modeling,2
ultraviolet sources,2
chebyshev approximation,2
adaptive kalman filters,2
vector quantisation,2
fault location,2
optical arrays,2
fasteners,2
office environment,2
expert systems,2
adaptive optics,2
numerical stability,2
utility programs,2
delay lock loops,2
chemical sensors,2
faa,2
underwater vehicles,2
unsupervised learning,2
unmanned aerial vehicles,2
universal serial bus,2
variable structure systems,2
biomedical communication,2
chemistry,2
fault tolerant systems,2
software standards,2
uhf propagation,2
uhf measurements,2
belief networks,2
radio navigation,2
circuits and systems,2
multiprocessor interconnection networks,2
transcoding,2
transaction databases,2
trajectory,2
multiplexing equipment,2
traffic information systems,2
radiofrequency filters,2
traction motors,2
classification,2
multimedia computing,2
radionavigation,2
radiotelephony,2
fuel economy,2
fuels,2
database indexing,2
multidimensional digital filters,2
token networks,2
fuzzy neural nets,2
fuzzy set theory,2
rails,2
fourier series,2
radio astronomy,2
nearest neighbor searches,2
nonlinear programming,2
feedforward systems,2
uhf measurement,2
pursuit algorithms,2
null space,2
np-hard problem,2
notebook computers,2
twisted pair cables,2
aerospace engineering,2
nonlinear systems,2
finishing,2
nonlinear dynamical systems,2
forgery,2
tropospheric electromagnetic wave propagation,2
nonlinear codes,2
circuit noise,2
noise figure,2
flexible printed circuits,2
optical detectors,2
flow graphs,2
radar measurements,2
neutron spin echo,2
radiation detectors,2
radar applications,2
energy capture,2
optical diffraction,2
ducts,2
weapons,2
divide and conquer methods,2
powders,2
doped fiber amplifiers,2
perceptrons,2
peer-to-peer computing,2
wavelet packets,2
wavelet domain,2
digital circuits,2
wavelength converters,2
pattern matching,2
dual codes,2
digital cameras,2
optical disc storage,2
patient monitoring,2
earth,2
digital audio players,2
passband,2
power filters,2
economic indicators,2
economics,2
education,2
watermarking,2
particle scattering,2
power harmonic filters,2
power mosfet,2
cadcam,2
position control,2
cad,2
portals,2
physical optics,2
building,2
digital storage,2
yarn,2
photonics,2
digital signal processors,2
piecewise constant techniques,2
photonic band gap,2
disasters,2
pixel,2
wind speed,2
brushless dc motors,2
phase frequency detector,2
burst noise,2
discussion forums,2
disk drives,2
wideband amplifiers,2
polarisation,2
welding,2
personnel,2
cable tv,2
distributed amplifiers,2
poles and towers,2
polynomial matrices,2
perpendicular magnetic recording,2
electric generators,2
electric variables control,2
waste management,2
visualization,2
optical variables control,2
ellipsoids,2
optical tuning,2
printed circuits,2
optical surface waves,2
emergency services,2
printers,2
tires,2
virtual machining,2
energy dissipation,2
virtual environment,2
process control,2
programmable circuits,2
demography,2
optical interferometry,2
video signal processing,2
birth disorders,2
optical fiber sensors,2
entropy codes,2
demand assigned multiple access,2
protective relaying,2
proton exchange membrane fuel cells,2
psychology,2
optical feedback,2
velocity control,2
prefetching,2
predictive control,2
boosting,2
preamplifiers,2
power supplies,2
power system economics,2
differential pulse code modulation,2
acoustic signal detection,2
electrochemical analysis,2
electrochemical machining,2
acoustic signal processing,2
electromagnetic actuators,2
boolean functions,2
electromagnetic diffraction,2
dielectric-loaded antennas,2
dielectric losses,2
volterra series,2
electromagnetic modeling,2
electromagnetic radiation,2
books,2
power system security,2
power system transients,2
packaging machines,2
cells (biology),2
oral communication,2
optimized production technology,2
deterministic algorithms,2
boats,2
voice mail,2
railway safety,2
function approximation,2
gain control,2
matlab,2
secure storage,2
corporate acquisitions,2
image sampling,2
cordless telephone systems,2
markup languages,2
semiconductor device noise,2
semiconductor laser arrays,2
surges,2
coordinate measuring machines,2
cooperative systems,2
surface impedance,2
induction motors,2
magnetic storage,2
magnetic separation,2
industrial economics,2
sensor systems and applications,2
antenna testing,2
inertial navigation,2
inference algorithms,2
inference mechanisms,2
convex programming,2
supercapacitors,2
substations,2
correlation,2
automatic testing,2
microwave devices,2
sea level,2
hip,2
histograms,2
microprocessors,2
microprocessor chips,2
coils,2
hopfield neural nets,2
hopfield neural networks,2
technology planning,2
rna,2
mice,2
human factors,2
credit cards,2
taxonomy,2
runlength codes,2
hybrid fibre coax networks,2
runtime environment,2
meeting planning,2
ice,2
mechatronics,2
satellite navigation systems,2
scanning antennas,2
synthetic aperture sonar,2
rain fading,2
magnetic noise,2
sequential codes,2
subcarrier multiplexing,2
complexity theory,2
invariance,2
inverse problems,2
legged locomotion,2
ionospheric electromagnetic wave propagation,2
legal factors,2
content-addressable storage,2
iso,2
iso standards,2
isolation technology,2
sparks,2
space vehicles,2
computer science education,2
leaky wave antennas,2
software engineering,2
lead acid batteries,2
law,2
lattice filters,2
computer viruses,2
knapsack problems,2
connectors,2
software packages,2
conductors,2
land vehicles,2
attenuation measurement,2
level measurement,2
life estimation,2
auditory system,2
stratosphere,2
m-sequences,2
computational electromagnetics,2
australia council,2
input variables,2
computational geometry,2
computer aided instruction,2
computer aided manufacturing,2
continuous wavelet transforms,2
signal representations,2
silicon,2
spectral shape,2
silicon germanium,2
simulation,2
standardisation,2
linear discriminant analysis,2
linear antennas,2
arithmetic codes,2
spread spectrum radar,2
limiters,2
light scattering,2
lifetime estimation,2
telemedicine,2
manufacturing industries,2
terrorism,2
read-write memory,2
genetic programming,2
germanium silicon alloys,2
millimeter wave propagation,2
monopoly,2
time series analysis,2
glass,2
millimeter wave measurements,2
hearing,2
regulators,2
thyristors,2
military equipment,2
backpropagation,2
goniometers,2
recursive functions,2
millimetre wave antenna arrays,2
minimum entropy methods,2
hardware description languages,2
all-pass filters,2
moment methods,2
geography,2
data handling,2
geology,2
geometric programming,2
data integrity,2
bandwidth compression,2
ambient intelligence,2
alternators,2
recording,2
hafnium,2
coaxial components,2
hadamard matrices,2
motion measurement,2
clouds,2
resistance heating,2
refractive index,2
time-varying systems,2
multi-layer neural network,2
time-varying networks,2
high definition television,2
microwave frequencies,2
algebraic geometric codes,2
mmics,2
microwave photonics,2
gamma distribution,2
mixers (circuits),2
graphical user interfaces,2
heart,2
heterojunction bipolar transistors,2
hermitian matrices,2
relational databases,2
helical antennas,2
customer satisfaction,2
replicated databases,2
thermal resistance,2
coaxial cables,2
motor drives,2
computational intelligence society,1
digital arithmetic,1
differentiation,1
authoring systems,1
acoustic distortion,1
acoustic applications,1
cams,1
aerospace testing,1
appropriate technology,1
continuous improvement,1
dc motor drives,1
calculators,1
control engineering computing,1
dc-dc power converters,1
approximation error,1
acoustic scattering,1
braking,1
computer displays,1
calendars,1
control system analysis computing,1
audio signal processing,1
bandlimited signals,1
cultural differences,1
argon,1
data storage systems,1
brownian motion,1
database systems,1
database management systems,1
abstracts,1
atmospheric techniques,1
data visualization,1
content based retrieval,1
content addressable storage,1
building services,1
clothing,1
asynchronous machines,1
constraint handling,1
air transportation,1
digital signals,1
digital signatures,1
computers,1
atmospheric electromagnetic wave propagation,1
atmospheric light propagation,1
aircraft antennas,1
cloud computing,1
breakdown voltage,1
cache memory,1
audio coding,1
clamps,1
attenuators,1
digital integrated circuits,1
computer languages,1
air conditioning,1
dc machines,1
circuit tuning,1
air pollution,1
dc amplifiers,1
atomic measurements,1
bank data processing,1
content-based retrieval,1
data preprocessing,1
butterworth filters,1
digital recording,1
butler matrix,1
dc generators,1
dead reckoning,1
cmos digital integrated circuits,1
convection,1
aerospace,1
biomedical optical imaging,1
charge carrier processes,1
automotive components,1
combustion,1
biomedical signal processing,1
dark current,1
coupled circuits,1
communicating sequential processes,1
biomembranes,1
cost reduction,1
circuit analysis,1
bisimulation equivalence,1
chromatic dispersion,1
automation,1
anechoic chambers (electromagnetic),1
ansi standards,1
aerospace electronics,1
biological effects of fields,1
demultiplexing equipment,1
antenna earths,1
charge coupled devices,1
autoregressive moving average processes,1
comb filters,1
collision mitigation,1
analog circuits,1
crystal oscillators,1
chemical technology,1
analog computers,1
current distribution,1
delay filters,1
cognitive systems,1
additives,1
chemical and biological sensors,1
chemical analysis,1
axles,1
collaborative software,1
chebyshev filters,1
chirp,1
avalanche photodiodes,1
biological system modeling,1
biomedical imaging,1
charge measurement,1
backplanes,1
backpropagation algorithms,1
density,1
composite materials,1
chip scale packaging,1
cooling towers,1
cooling,1
coolants,1
aerospace propulsion,1
dielectric constant,1
catastrophe theory,1
data buses,1
cmos integrated circuits,1
dielectric substrates,1
belts,1
automatic logic units,1
cascade control,1
clutter,1
diesel engines,1
circuit testing,1
community antenna television,1
carrier transmission on power lines,1
companies,1
anthropomorphism,1
circuit theory,1
cause effect analysis,1
device drivers,1
ccd image sensors,1
bicycles,1
corona,1
density estimation robust algorithm,1
communication effectiveness,1
central processing unit,1
circuit cad,1
central office,1
copy protection,1
baluns,1
coplanar waveguides,1
active networks,1
design for disassembly,1
blindness,1
communication system operations and management,1
cellular neural networks,1
communication system software,1
determinants,1
cooperative caching,1
cellular neural nets,1
bonding,1
blanking,1
zirconium,1
digital television,1
quadtrees,1
pulse generators,1
pulse transformers,1
pumps,1
q factor,1
q measurement,1
q-factor,1
quadrature mirror filters,1
quality control,1
radioastronomical techniques,1
radar antennas,1
radar detection,1
radar remote sensing,1
radar theory,1
radar tracking,1
radio applications,1
radio communication countermeasures,1
publishing,1
public information systems,1
protons,1
protection switching,1
power transmission lines,1
presence network agents,1
presses,1
pressing,1
process algebra,1
product design,1
product development,1
production engineering computing,1
productivity,1
program processors,1
programmable logic devices,1
programming,1
programming environments,1
programming language semantics,1
programming languages,1
radio interferometry,1
radiofrequency integrated circuits,1
secondary cells,1
roentgenium,1
resists,1
resource virtualization,1
rfid tags,1
rhythm,1
risk analysis,1
rlc circuits,1
robot sensing systems,1
root mean square,1
radiofrequency oscillators,1
rotation measurement,1
rotors,1
s-matrix theory,1
s-parameters,1
safety systems,1
saturn,1
scholarships,1
research and development management,1
rendering (computer graphics),1
remote monitoring,1
reluctance motor drives,1
radiometry,1
radiowave interferometry,1
rail traffic,1
random-access storage,1
randomised algorithms,1
rats,1
reachability analysis,1
reception,1
reconfigurable logic,1
recycling,1
reed-muller codes,1
reflectometry,1
region 1,1
region 2,1
relaxation theory,1
power transmission control,1
power system restoration,1
power system interconnection,1
ovens,1
optical transfer function,1
optimal matching,1
optimal systems,1
optimization,1
organic light emitting diodes,1
organizing,1
oscillations,1
overvoltage protection,1
power steering,1
pain,1
pantographs,1
parallel memories,1
paramagnetic resonance,1
parameter extraction,1
parametric statistics,1
parametric study,1
optical storage,1
optical signal detection,1
optical refraction,1
optical polarization,1
optical beams,1
optical couplers,1
optical fiber amplifiers,1
optical fiber couplers,1
optical fiber dispersion,1
optical fiber filters,1
optical fiber losses,1
optical fiber polarization,1
optical fibre dispersion,1
optical fibre losses,1
optical fibre theory,1
optical frequency conversion,1
optical limiters,1
optical materials,1
optical mixing,1
particle filters,1
particle separators,1
passive filters,1
photovoltaic systems,1
pins,1
planetary orbits,1
planets,1
planing,1
plasma devices,1
plastics,1
plugs,1
pollution measurement,1
positron emission tomography,1
power cables,1
power capacitors,1
power conversion,1
power lasers,1
power line communications,1
power semiconductor devices,1
piecewise polynomial techniques,1
photovoltaic cells,1
passive networks,1
photon counting,1
passive radar,1
pattern clustering,1
performance index,1
permanent magnet generators,1
permanent magnet machines,1
permanent magnet motors,1
permanent magnets,1
personal information systems,1
perturbation methods,1
perturbation techniques,1
perturbation theory,1
phase change materials,1
phase control,1
phase detectors,1
photogrammetry,1
sea surface,1
sections,1
diode lasers,1
turning,1
transfer function matrices,1
transmission line measurements,1
transmission line theory,1
travel industry,1
travelling wave amplifiers,1
tuners,1
turbines,1
tv receivers,1
uninterruptible power systems,1
two-term control,1
uhf amplifiers,1
ultra wideband radar,1
ultrasonic imaging,1
uncertain systems,1
underwater communication,1
underwater tracking,1
transaction processing,1
traffic recording,1
traffic,1
tornadoes,1
test facilities,1
text analysis,1
textiles,1
thermal degradation,1
thermal loading,1
thermal management,1
thermal sensors,1
thermal stresses,1
thigh,1
thin film devices,1
time to market,1
time varying circuits,1
time-domain reflectometry,1
time-of-arrival estimation,1
time-varying filters,1
unified modeling language,1
unix,1
seismic measurements,1
wavelet analysis,1
voltage fluctuations,1
volume measurement,1
vsat networks,1
walls,1
watches,1
water conservation,1
waveguide discontinuities,1
wavelet coefficients,1
urban planning,1
wearable sensors,1
web page design,1
weibull fading channels,1
weight measurement,1
wind,1
workstation clusters,1
yagi antenna arrays,1
visual perception,1
virtual manufacturing,1
virtual machines,1
virtual groups,1
us department of energy,1
us government,1
user interfaces,1
vegetation,1
velocity,1
ventilation,1
very high speed integrated circuits,1
vhf circuits,1
vhf radio propagation,1
video cameras,1
video equipment,1
video recording,1
video streaming,1
video tape recorders,1
videos,1
test equipment,1
termination of employment,1
tensile stress,1
solid state circuits,1
soft magnetic materials,1
software libraries,1
software metrics,1
soil,1
solar cells,1
solar power generation,1
solar power satellites,1
sonar applications,1
television receivers,1
sonar arrays,1
sonar measurements,1
sonar signal processing,1
sorting,1
south america,1
space missions,1
spatial databases,1
smoke detectors,1
slotline,1
slot antenna arrays,1
sleep,1
self-organising feature maps,1
self-organizing networks,1
semantic web,1
semiconductor device manufacture,1
semiconductor materials,1
semiconductor thin films,1
seminars,1
shape measurement,1
shared memory systems,1
shielding,1
shot noise,1
signal representation,1
signalling,1
silicon devices,1
slabs,1
spirals,1
spontaneous emission,1
sql,1
supply chains,1
surface acoustic waves,1
switched networks,1
switching frequency,1
switching networks,1
symmetry,1
synchronous generators,1
synchronous machines,1
synthesizers,1
system-on-chip,1
tactile sensors,1
tagging,1
telecommunication cables,1
telecommunication equipment,1
telemetry,1
television broadcasting,1
support vector machine classification,1
superradiance,1
sram chips,1
superluminescent diodes,1
stability criteria,1
standards publication,1
statistical learning,1
statistical mechanics,1
stators,1
steering systems,1
steganography,1
steiner trees,1
stereo image processing,1
stochastic automata,1
stock markets,1
storage management,1
street lighting,1
string matching,1
subspace constraints,1
operating system kernels,1
open source software,1
online front-ends,1
gravity,1
gears,1
genetic mutations,1
geometric codes,1
geophysical measurement techniques,1
germanium compounds,1
graphics,1
gratings,1
gray-scale,1
heating,1
group theory,1
hard discs,1
harmonics,1
headphones,1
health hazards,1
heat conduction,1
heat engines,1
ge-si alloys,1
gas turbines,1
gas detectors,1
gamma ray detectors,1
formal specifications,1
forward contracts,1
frequency control,1
frequency dependence,1
frequency locked loops,1
fuel,1
fuel cell vehicles,1
fuel storage,1
functional analysis,1
functional equations,1
functional programming,1
fuses,1
fusion power generation,1
gallium arsenide,1
gamma ray detection,1
heat transfer,1
helicopters,1
oil pollution,1
image storage,1
image color analysis,1
image colour analysis,1
image converters,1
image edge detection,1
image generation,1
image resolution,1
image sensors,1
immune system,1
hi-fi equipment,1
impedance measurement,1
implants,1
indium tin oxide,1
indoor communication,1
inductance,1
industrial electronics,1
industrial engineering,1
ignition,1
ieee members,1
ieee,1
iec standards,1
high definition video,1
high level synthesis,1
high-speed electronics,1
holographic storage,1
holography,1
hoses,1
huffman codes,1
human resource management,1
humanities,1
humidity,1
hurricanes,1
hvac,1
hydrodynamics,1
identification technology,1
identity management systems,1
formal specification,1
formal languages,1
force measurement,1
electrical capacitance tomography,1
dvd,1
earth rotation,1
echo,1
echo suppression,1
electric fields,1
electric potential,1
electric shock,1
electrical fault detection,1
foot,1
electrocardiography,1
electrochemical impedance spectroscopy,1
electrodes,1
electromagnetic analysis,1
electromagnetic devices,1
electromagnetic field theory,1
electromagnetic fields,1
driver information systems,1
dram chips,1
doppler radar,1
doping,1
dipole antenna arrays,1
direct broadcasting by satellite,1
direct digital synthesis,1
directed graphs,1
disaster management,1
disc drives,1
discrete transforms,1
disruption tolerant networking,1
distributed parameter circuits,1
distributed programming,1
distributed sensors,1
distributed shared memory systems,1
dna,1
documentation,1
domain name system,1
electromagnetic induction,1
electromagnetic pulse,1
electromagnetic reflection,1
enterprise resource planning,1
errors,1
estimation,1
exosphere,1
expectation-maximization algorithms,1
extinction ratio,1
extraterrestrial life,1
eyes,1
fabrication,1
facsimile,1
fibre optic sensors,1
financial advantage program,1
fitting,1
fluid dynamics,1
fluid flow control,1
focusing,1
entropy coding,1
engineering computing,1
electromagnetic transients,1
energy resources,1
electromagnetic wave interferometry,1
electromagnetic waveguides,1
electromechanical systems,1
electronic countermeasures,1
electronic data interchange,1
electronic design automation and methodology,1
electronic equipment testing,1
electronic warfare,1
electronics industry,1
electrostatic precipitators,1
embryo,1
employee welfare,1
encapsulation,1
energy exchange,1
energy loss,1
industrial property,1
industrial relations,1
industrial training,1
microwave generation,1
meteorology,1
michelson interferometers,1
micro-optics,1
micromotors,1
microphone arrays,1
microphones,1
microswitches,1
microwave heating,1
magnetic memory,1
microwave phase shifters,1
middleboxes,1
military aircraft,1
millimeter wave communication,1
millimetre wave antennas,1
minerals,1
minimization,1
meteorological radar,1
message switching,1
mesfets,1
memory management,1
magnetic sensors,1
magnetic tape storage,1
magneto electrical resistivity imaging technique,1
magnetosphere,1
manifolds,1
manuals,1
zinc,1
marine transportation,1
marketing and sales,1
mass transfer,1
materials requirements planning,1
mechanical engineering,1
mechanical power transmission,1
mechanical sensors,1
member and geographic activities board committees,1
mining,1
mirrors,1
missiles,1
negative feedback,1
network analysis,1
network neutrality,1
network operating systems,1
newton method,1
noise abatement,1
noise shaping,1
nonlinear functions,1
nonlinear network synthesis,1
nonparametric statistics,1
normalising,1
nuclear electronics,1
nyquist criterion,1
object-oriented methods,1
occupational stress,1
office automation,1
network analysers,1
nanoscale devices,1
mission critical systems,1
music,1
mixed integer linear programming,1
mobile robots,1
modules,1
morphology,1
mos-controlled thyristors,1
mosfet circuits,1
motion analysis,1
motion pictures,1
motion planning,1
multi-stage noise shaping,1
multidimensional signal processing,1
multilevel systems,1
multimedia databases,1
multiprocessing systems,1
multiresolution analysis,1
magnetic resonance,1
magnetic flux leakage,1
information dissemination,1
kinetic energy,1
invasive software,1
inverters,1
iron,1
irrigation,1
kelvin,1
keyboards,1
kinematics,1
kinetic theory,1
magnetic devices,1
kirchhoff's law,1
kirk field collapse effect,1
knee,1
knowledge acquisition,1
knowledge based systems,1
knowledge management,1
l-band,1
interrupts,1
intermodulation,1
interleaved storage,1
interconnected systems,1
information geometry,1
information resources,1
information services,1
infrared detectors,1
infrared sensors,1
infrared sources,1
innovation management,1
insects,1
insertion loss,1
instruction sets,1
integrated circuit design,1
integrated circuit modeling,1
integrated circuit synthesis,1
integrated circuit technology,1
integrated logic circuits,1
lamps,1
laptop computers,1
laser beam applications,1
load distribution,1
locomotives,1
logic arrays,1
logic gates,1
logic programming,1
logic testing,1
loop antennas,1
loudspeakers,1
low-frequency noise,1
low-noise amplifiers,1
low-power electronics,1
machine assisted indexing,1
machine learning algorithms,1
machine theory,1
machine vision,1
magnetic bearings,1
load flow analysis,1
lithium,1
laser beam cutting,1
linear regression,1
laser beams,1
laser modes,1
laser sintering,1
laser theory,1
lead compounds,1
learning,1
led lamps,1
legislation,1
lenses,1
level control,1
light diffraction,1
light sources,1
light transmission,1
linear network synthesis,1
linear predictive coding,1
1f noise,1
